-- --------------------------------------------------------
-- Host:                         127.0.0.1
-- Server version:               8.0.30 - MySQL Community Server - GPL
-- Server OS:                    Win64
-- HeidiSQL Version:             12.1.0.6537
-- --------------------------------------------------------

/*!40101 SET @OLD_CHARACTER_SET_CLIENT=@@CHARACTER_SET_CLIENT */;
/*!40101 SET NAMES utf8 */;
/*!50503 SET NAMES utf8mb4 */;
/*!40103 SET @OLD_TIME_ZONE=@@TIME_ZONE */;
/*!40103 SET TIME_ZONE='+00:00' */;
/*!40014 SET @OLD_FOREIGN_KEY_CHECKS=@@FOREIGN_KEY_CHECKS, FOREIGN_KEY_CHECKS=0 */;
/*!40101 SET @OLD_SQL_MODE=@@SQL_MODE, SQL_MODE='NO_AUTO_VALUE_ON_ZERO' */;
/*!40111 SET @OLD_SQL_NOTES=@@SQL_NOTES, SQL_NOTES=0 */;


-- Dumping database structure for pa_maps1
CREATE DATABASE IF NOT EXISTS `pa_maps1` /*!40100 DEFAULT CHARACTER SET utf8mb4 COLLATE utf8mb4_0900_ai_ci */ /*!80016 DEFAULT ENCRYPTION='N' */;
USE `pa_maps1`;

-- Dumping structure for table pa_maps1.abouts
CREATE TABLE IF NOT EXISTS `abouts` (
  `id` bigint unsigned NOT NULL AUTO_INCREMENT,
  `part_name` varchar(255) COLLATE utf8mb4_unicode_ci NOT NULL,
  `value` text CHARACTER SET utf8mb4 COLLATE utf8mb4_unicode_ci,
  `created_at` timestamp NULL DEFAULT NULL,
  `updated_at` timestamp NULL DEFAULT NULL,
  PRIMARY KEY (`id`)
) ENGINE=InnoDB AUTO_INCREMENT=12 DEFAULT CHARSET=utf8mb4 COLLATE=utf8mb4_unicode_ci;

-- Dumping data for table pa_maps1.abouts: ~11 rows (approximately)
INSERT INTO `abouts` (`id`, `part_name`, `value`, `created_at`, `updated_at`) VALUES
	(1, 'brand', 'L - Endemap', '2025-04-08 12:03:14', '2025-04-08 12:03:15'),
	(2, 'title', 'Pemetaan spasial temporal penyakit endemik di Kabupaten Lamongan, Jawa Timur, Indonesia.', '2025-04-08 12:04:14', '2025-04-08 12:04:15'),
	(3, 'description', 'Platform digital yang menyajikan data pemetaan spasial temporal untuk memonitor dan menganalisis penyebaran penyakit endemik di Kabupaten Lamongan.', '2025-04-08 12:06:16', '2025-04-08 12:06:17'),
	(4, 'email', 'shintiadewi789@gmail.com', '2025-04-08 12:06:59', '2025-04-08 12:07:00'),
	(5, 'instagram', 'https://www.instagram.com/shintiadr___/', '2025-04-08 12:09:36', '2025-04-08 12:09:37'),
	(6, 'tiktok', 'https://www.tiktok.com/@shintiadr___', '2025-04-08 12:10:12', '2025-04-08 12:10:13'),
	(7, 'facebook', 'https://www.facebook.com/shintiadewi789/', '2025-04-08 12:10:34', '2025-04-08 12:10:35'),
	(8, 'linkedin', 'https://www.linkedin.com/in/shintia-dewi', '2025-04-08 12:10:55', '2025-04-08 12:10:56'),
	(9, 'phone', '085806819449', '2025-04-08 12:12:04', '2025-04-08 12:12:05'),
	(10, 'address', 'Karanggeneng No. 37, Karanggeneng, Lamongan, Jawa Timur', '2025-04-08 12:15:51', '2025-04-08 12:15:51'),
	(11, 'definition', 'Penyakit endemik adalah penyakit yang selalu ada pada suatu daerah atau kelompok populasi tertentu. Setiap daerah mungkin memiliki penyakit endemis yang berbeda-beda. Salah satu penyebab hal ini bisa terjadi adalah perbedaan iklim di tiap wilayah. \r\n\r\nPenyakit endemik di Kabupaten Lamongan terdapat tujuh jenis penyakit, yaitu DBD (Demam Berdarah Dengue), malaria, hepatitis B, kusta, tuberkulosis, filariasis, dan campak.', '2025-04-09 02:35:28', '2025-04-09 02:35:29');

-- Dumping structure for table pa_maps1.failed_jobs
CREATE TABLE IF NOT EXISTS `failed_jobs` (
  `id` bigint unsigned NOT NULL AUTO_INCREMENT,
  `uuid` varchar(255) COLLATE utf8mb4_unicode_ci NOT NULL,
  `connection` text COLLATE utf8mb4_unicode_ci NOT NULL,
  `queue` text COLLATE utf8mb4_unicode_ci NOT NULL,
  `payload` longtext COLLATE utf8mb4_unicode_ci NOT NULL,
  `exception` longtext COLLATE utf8mb4_unicode_ci NOT NULL,
  `failed_at` timestamp NOT NULL DEFAULT CURRENT_TIMESTAMP,
  PRIMARY KEY (`id`),
  UNIQUE KEY `failed_jobs_uuid_unique` (`uuid`)
) ENGINE=InnoDB DEFAULT CHARSET=utf8mb4 COLLATE=utf8mb4_unicode_ci;

-- Dumping data for table pa_maps1.failed_jobs: ~0 rows (approximately)

-- Dumping structure for table pa_maps1.kasus_penyakits
CREATE TABLE IF NOT EXISTS `kasus_penyakits` (
  `id` bigint unsigned NOT NULL AUTO_INCREMENT,
  `tahun_id` bigint unsigned NOT NULL,
  `kecamatan_id` bigint unsigned NOT NULL,
  `penyakit_id` bigint unsigned NOT NULL,
  `terjangkit` int NOT NULL,
  `meninggal` int DEFAULT NULL,
  `created_at` timestamp NULL DEFAULT NULL,
  `updated_at` timestamp NULL DEFAULT NULL,
  PRIMARY KEY (`id`),
  UNIQUE KEY `tahun_id` (`tahun_id`,`kecamatan_id`,`penyakit_id`),
  KEY `kasus_penyakits_kecamatan_id_foreign` (`kecamatan_id`),
  KEY `kasus_penyakits_penyakit_id_foreign` (`penyakit_id`),
  CONSTRAINT `kasus_penyakits_kecamatan_id_foreign` FOREIGN KEY (`kecamatan_id`) REFERENCES `kecamatans` (`id`) ON DELETE CASCADE,
  CONSTRAINT `kasus_penyakits_penyakit_id_foreign` FOREIGN KEY (`penyakit_id`) REFERENCES `penyakits` (`id`) ON DELETE CASCADE,
  CONSTRAINT `kasus_penyakits_tahun_id_foreign` FOREIGN KEY (`tahun_id`) REFERENCES `tahuns` (`id`) ON DELETE CASCADE
) ENGINE=InnoDB AUTO_INCREMENT=865 DEFAULT CHARSET=utf8mb4 COLLATE=utf8mb4_unicode_ci;

-- Dumping data for table pa_maps1.kasus_penyakits: ~756 rows (approximately)
INSERT INTO `kasus_penyakits` (`id`, `tahun_id`, `kecamatan_id`, `penyakit_id`, `terjangkit`, `meninggal`, `created_at`, `updated_at`) VALUES
	(1, 1, 1, 5, 20, 0, '2024-08-13 05:11:36', '2024-08-13 19:28:00'),
	(2, 1, 2, 5, 17, 3, '2024-08-13 19:18:08', '2024-08-13 19:28:07'),
	(3, 1, 3, 5, 79, 1, '2024-08-13 19:18:42', '2024-08-13 19:28:13'),
	(4, 1, 4, 5, 70, 3, '2024-08-13 19:19:02', '2024-08-13 19:19:02'),
	(5, 1, 5, 5, 78, 5, '2024-08-13 19:19:22', '2024-08-13 19:19:22'),
	(6, 1, 6, 5, 47, 3, '2024-08-13 19:19:59', '2024-08-13 19:19:59'),
	(7, 1, 7, 5, 53, 2, '2024-08-13 19:20:35', '2024-08-13 19:20:35'),
	(8, 1, 8, 5, 35, 0, '2024-08-13 19:21:08', '2024-08-13 19:22:42'),
	(9, 1, 9, 5, 46, 1, '2024-08-13 19:22:22', '2024-08-13 19:22:22'),
	(10, 1, 10, 5, 124, 12, '2024-08-13 19:23:17', '2024-08-13 19:23:17'),
	(11, 1, 11, 5, 41, 1, '2024-08-13 19:24:24', '2024-08-13 19:24:24'),
	(12, 1, 12, 5, 45, 2, '2024-08-13 19:24:54', '2024-08-13 19:26:20'),
	(13, 1, 13, 5, 227, 3, '2024-08-13 19:26:44', '2024-08-13 19:26:44'),
	(14, 1, 14, 5, 39, 0, '2024-08-13 19:27:09', '2024-08-13 19:27:09'),
	(15, 1, 15, 5, 40, 4, '2024-08-13 19:27:51', '2024-08-13 19:36:33'),
	(16, 1, 16, 5, 20, 0, '2024-08-13 20:05:07', '2024-08-13 20:05:07'),
	(17, 1, 17, 5, 68, 2, '2024-08-13 20:05:30', '2024-08-13 20:05:30'),
	(18, 1, 18, 5, 46, 3, '2024-08-13 20:05:49', '2024-08-13 20:05:49'),
	(19, 1, 19, 5, 48, 3, '2024-08-13 20:06:09', '2024-08-13 20:06:09'),
	(20, 1, 20, 5, 22, 2, '2024-08-13 20:06:28', '2024-08-13 20:06:28'),
	(21, 1, 21, 5, 32, 2, '2024-08-13 20:15:18', '2024-08-13 20:15:18'),
	(22, 1, 22, 5, 44, 3, '2024-08-13 20:15:42', '2024-08-13 20:15:42'),
	(23, 1, 23, 5, 17, 0, '2024-08-13 20:16:00', '2024-08-13 20:16:00'),
	(24, 1, 24, 5, 47, 0, '2024-08-13 20:16:20', '2024-08-13 20:16:20'),
	(25, 1, 25, 5, 22, 3, '2024-08-13 20:16:34', '2024-08-13 20:16:34'),
	(26, 1, 26, 5, 100, 5, '2024-08-13 20:17:58', '2024-08-13 20:17:58'),
	(27, 1, 27, 5, 65, 2, '2024-08-13 20:18:19', '2024-08-13 20:18:19'),
	(28, 1, 1, 4, 0, 0, '2024-08-13 20:21:50', '2024-08-13 20:21:50'),
	(29, 1, 2, 4, 1, 0, '2024-08-13 20:22:19', '2024-08-13 20:22:19'),
	(30, 1, 3, 4, 2, 0, '2024-08-13 20:23:26', '2024-08-13 20:23:26'),
	(31, 1, 4, 4, 5, 0, '2024-08-13 20:26:07', '2024-08-13 20:26:07'),
	(32, 1, 5, 4, 3, 0, '2024-08-13 20:26:38', '2024-08-13 20:26:38'),
	(33, 1, 6, 4, 3, 0, '2024-08-13 20:45:58', '2024-08-13 20:45:58'),
	(34, 1, 7, 4, 6, 0, '2024-08-13 20:46:20', '2024-08-13 20:46:20'),
	(35, 1, 8, 4, 2, 0, '2024-08-13 20:46:48', '2024-08-13 20:46:48'),
	(36, 1, 9, 4, 4, 0, '2024-08-13 20:47:23', '2024-08-13 20:47:23'),
	(37, 1, 10, 4, 4, 0, '2024-08-13 20:47:43', '2024-08-13 20:47:43'),
	(38, 1, 11, 4, 3, 0, '2024-08-13 20:48:28', '2024-08-13 20:48:28'),
	(39, 1, 12, 4, 6, 0, '2024-08-13 20:48:55', '2024-08-13 20:48:55'),
	(40, 1, 13, 4, 3, 0, '2024-08-13 21:01:42', '2024-08-13 21:01:42'),
	(41, 1, 14, 4, 5, 0, '2024-08-13 21:02:02', '2024-08-13 21:02:02'),
	(42, 1, 15, 4, 2, 0, '2024-08-13 21:02:37', '2024-08-13 21:02:37'),
	(43, 1, 16, 4, 2, 0, '2024-08-13 21:03:15', '2024-08-13 21:03:15'),
	(44, 1, 17, 4, 1, 0, '2024-08-13 21:03:31', '2024-08-13 21:03:31'),
	(45, 1, 18, 4, 3, 0, '2024-08-13 21:03:54', '2024-08-13 21:03:54'),
	(46, 1, 19, 4, 0, 0, '2024-08-13 21:04:12', '2024-08-13 21:04:12'),
	(47, 1, 20, 4, 1, 0, '2024-08-13 21:04:36', '2024-08-13 21:04:36'),
	(48, 1, 21, 4, 4, 0, '2024-08-13 21:04:54', '2024-08-13 21:04:54'),
	(49, 1, 22, 4, 3, 0, '2024-08-13 21:05:23', '2024-08-13 21:05:23'),
	(50, 1, 23, 4, 0, 0, '2024-08-13 21:05:40', '2024-08-13 21:05:40'),
	(51, 1, 24, 4, 5, 0, '2024-08-13 21:06:36', '2024-08-13 21:06:36'),
	(52, 1, 25, 4, 4, 0, '2024-08-13 21:06:55', '2024-08-13 21:06:55'),
	(53, 1, 26, 4, 2, 0, '2024-08-13 21:07:17', '2024-08-13 21:07:17'),
	(54, 1, 27, 4, 3, 0, '2024-08-13 21:07:37', '2024-08-13 21:07:37'),
	(82, 1, 1, 3, 4, 0, '2024-08-14 08:40:57', '2024-08-14 08:40:57'),
	(83, 1, 2, 3, 3, 0, '2024-08-14 08:40:58', '2024-08-14 08:40:59'),
	(84, 1, 3, 3, 13, 0, '2024-08-14 08:41:00', '2024-08-14 08:41:00'),
	(85, 1, 4, 3, 13, 0, '2024-08-14 08:41:01', '2024-08-14 08:41:02'),
	(86, 1, 5, 3, 10, 0, '2024-08-14 08:41:02', '2024-08-14 08:41:03'),
	(87, 1, 6, 3, 18, 0, '2024-08-14 08:41:03', '2024-08-14 08:41:04'),
	(88, 1, 7, 3, 24, 0, '2024-08-14 08:41:04', '2024-08-14 08:41:05'),
	(89, 1, 8, 3, 11, 0, '2024-08-14 08:41:06', '2024-08-14 08:41:06'),
	(90, 1, 9, 3, 4, 0, '2024-08-14 08:41:07', '2024-08-14 08:41:08'),
	(91, 1, 10, 3, 16, 0, '2024-08-14 08:41:08', '2024-08-14 08:41:09'),
	(92, 1, 11, 3, 16, 0, '2024-08-14 08:41:09', '2024-08-14 08:41:10'),
	(93, 1, 12, 3, 11, 0, '2024-08-14 08:41:12', '2024-08-14 08:41:13'),
	(94, 1, 13, 3, 14, 0, '2024-08-14 08:41:10', '2024-08-14 08:41:11'),
	(95, 1, 14, 3, 10, 0, '2024-08-14 08:41:15', '2024-08-14 08:41:16'),
	(96, 1, 15, 3, 6, 0, '2024-08-14 08:41:17', '2024-08-14 08:41:18'),
	(97, 1, 16, 3, 10, 0, '2024-08-14 08:41:18', '2024-08-14 08:41:19'),
	(98, 1, 17, 3, 12, 0, '2024-08-14 08:41:21', '2024-08-14 08:41:22'),
	(99, 1, 18, 3, 18, 0, '2024-08-14 08:41:23', '2024-08-14 08:41:24'),
	(100, 1, 19, 3, 6, 0, '2024-08-14 08:41:25', '2024-08-14 08:41:26'),
	(101, 1, 20, 3, 20, 0, '2024-08-14 08:41:27', '2024-08-14 08:41:28'),
	(102, 1, 21, 3, 15, 0, '2024-08-14 08:41:29', '2024-08-14 08:41:30'),
	(103, 1, 22, 3, 11, 0, '2024-08-14 08:41:31', '2024-08-14 08:41:31'),
	(104, 1, 23, 3, 12, 0, '2024-08-14 08:41:32', '2024-08-14 08:41:33'),
	(105, 1, 24, 3, 14, 0, '2024-08-14 08:41:35', '2024-08-14 08:41:35'),
	(106, 1, 25, 3, 19, 0, '2024-08-14 08:41:36', '2024-08-14 08:41:37'),
	(107, 1, 26, 3, 47, 0, '2024-08-14 08:41:37', '2024-08-14 08:41:38'),
	(108, 1, 27, 3, 30, 0, '2024-08-14 08:41:39', '2024-08-14 08:41:39'),
	(109, 1, 1, 2, 0, 0, '2024-08-14 08:46:34', '2024-08-14 08:46:34'),
	(110, 1, 2, 2, 0, 0, '2024-08-14 08:46:35', '2024-08-14 08:46:36'),
	(111, 1, 3, 2, 0, 0, '2024-08-14 08:46:37', '2024-08-14 08:46:38'),
	(112, 1, 4, 2, 0, 0, '2024-08-14 08:46:39', '2024-08-14 08:46:40'),
	(113, 1, 5, 2, 0, 0, '2024-08-14 08:46:41', '2024-08-14 08:46:42'),
	(114, 1, 6, 2, 0, 0, '2024-08-14 08:46:42', '2024-08-14 08:46:44'),
	(115, 1, 7, 2, 1, 0, '2024-08-14 08:46:46', '2024-08-14 08:46:46'),
	(116, 1, 8, 2, 2, 0, '2024-08-14 08:46:48', '2024-08-14 08:46:48'),
	(117, 1, 9, 2, 0, 0, '2024-08-14 08:46:49', '2024-08-14 08:46:50'),
	(118, 1, 10, 2, 1, 0, '2024-08-14 08:46:50', '2024-08-14 08:46:51'),
	(119, 1, 11, 2, 0, 0, '2024-08-14 08:46:52', '2024-08-14 08:46:52'),
	(120, 1, 12, 2, 0, 0, '2024-08-14 08:46:53', '2024-08-14 08:46:54'),
	(121, 1, 13, 2, 1, 0, '2024-08-14 08:46:55', '2024-08-14 08:46:56'),
	(122, 1, 14, 2, 0, 0, '2024-08-14 08:46:57', '2024-08-14 08:46:57'),
	(123, 1, 15, 2, 0, 0, '2024-08-14 08:47:00', '2024-08-14 08:47:02'),
	(124, 1, 16, 2, 0, 0, '2024-08-14 08:47:02', '2024-08-14 08:47:03'),
	(125, 1, 17, 2, 0, 0, '2024-08-14 08:47:03', '2024-08-14 08:47:04'),
	(126, 1, 18, 2, 0, 0, '2024-08-14 08:47:05', '2024-08-14 08:47:05'),
	(127, 1, 19, 2, 0, 0, '2024-08-14 08:47:06', '2024-08-14 08:47:06'),
	(128, 1, 20, 2, 0, 0, '2024-08-14 08:47:07', '2024-08-14 08:47:08'),
	(129, 1, 21, 2, 2, 0, '2024-08-14 08:47:08', '2024-08-14 08:47:09'),
	(130, 1, 22, 2, 0, 0, '2024-08-14 08:47:09', '2024-08-14 08:47:10'),
	(131, 1, 23, 2, 0, 0, '2024-08-14 08:47:10', '2024-08-14 08:47:11'),
	(132, 1, 24, 2, 0, 0, '2024-08-14 08:47:12', '2024-08-14 08:47:13'),
	(133, 1, 25, 2, 0, 0, '2024-08-14 08:47:13', '2024-08-14 08:47:14'),
	(134, 1, 26, 2, 0, 0, '2024-08-14 08:47:15', '2024-08-14 08:47:15'),
	(135, 1, 27, 2, 0, 0, '2024-08-14 08:47:16', '2024-08-14 08:47:17'),
	(136, 1, 1, 6, 0, 0, '2024-08-14 08:52:18', '2024-08-14 08:52:19'),
	(137, 1, 2, 6, 0, 0, '2024-08-14 08:52:20', '2024-08-14 08:52:21'),
	(138, 1, 3, 6, 0, 0, '2024-08-14 08:52:21', '2024-08-14 08:52:22'),
	(139, 1, 4, 6, 0, 0, '2024-08-14 08:52:23', '2024-08-14 08:52:23'),
	(140, 1, 5, 6, 0, 0, '2024-08-14 08:52:24', '2024-08-14 08:52:26'),
	(141, 1, 6, 6, 3, 0, '2024-08-14 08:52:26', '2024-08-14 08:52:27'),
	(142, 1, 7, 6, 0, 0, '2024-08-14 08:52:28', '2024-08-14 08:52:29'),
	(143, 1, 8, 6, 0, 0, '2024-08-14 08:52:30', '2024-08-14 08:52:31'),
	(144, 1, 9, 6, 0, 0, '2024-08-14 08:52:32', '2024-08-14 08:52:32'),
	(145, 1, 10, 6, 0, 0, '2024-08-14 08:52:33', '2024-08-14 08:52:34'),
	(146, 1, 11, 6, 0, 0, '2024-08-14 08:52:34', '2024-08-14 08:52:35'),
	(147, 1, 12, 6, 0, 0, '2024-08-14 08:52:36', '2024-08-14 08:52:36'),
	(148, 1, 13, 6, 2, 0, '2024-08-14 08:52:37', '2024-08-14 08:52:38'),
	(149, 1, 14, 6, 0, 0, '2024-08-14 08:52:39', '2024-08-14 08:52:39'),
	(150, 1, 15, 6, 0, 0, '2024-08-14 08:52:42', '2024-08-14 08:52:42'),
	(151, 1, 16, 6, 1, 0, '2024-08-14 08:52:41', '2024-08-14 08:52:43'),
	(152, 1, 17, 6, 0, 0, '2024-08-14 08:52:45', '2024-08-14 08:52:46'),
	(153, 1, 18, 6, 1, 0, '2024-08-14 08:52:47', '2024-08-14 08:52:47'),
	(154, 1, 19, 6, 0, 0, '2024-08-14 08:52:48', '2024-08-14 08:52:48'),
	(155, 1, 20, 6, 1, 0, '2024-08-14 08:52:49', '2024-08-14 08:52:50'),
	(156, 1, 21, 6, 1, 0, '2024-08-14 08:52:51', '2024-08-14 08:52:52'),
	(157, 1, 22, 6, 0, 0, '2024-08-14 08:52:53', '2024-08-14 08:52:53'),
	(158, 1, 23, 6, 0, 0, '2024-08-14 08:52:54', '2024-08-14 08:52:55'),
	(159, 1, 24, 6, 0, 0, '2024-08-14 08:52:56', '2024-08-14 08:52:56'),
	(160, 1, 25, 6, 0, 0, '2024-08-14 08:52:57', '2024-08-14 08:52:58'),
	(161, 1, 26, 6, 0, 0, '2024-08-14 08:52:59', '2024-08-14 08:53:00'),
	(162, 1, 27, 6, 0, 0, '2024-08-14 08:53:00', '2024-08-14 08:53:01'),
	(163, 1, 1, 7, 0, 0, '2024-08-14 08:54:38', '2024-08-14 08:54:39'),
	(164, 1, 2, 7, 0, 0, '2024-08-14 08:54:40', '2024-08-14 08:54:40'),
	(165, 1, 3, 7, 0, 0, '2024-08-14 08:54:41', '2024-08-14 08:54:42'),
	(166, 1, 4, 7, 0, 0, '2024-08-14 08:54:43', '2024-08-14 08:54:44'),
	(167, 1, 5, 7, 0, 0, '2024-08-14 08:54:44', '2024-08-14 08:54:45'),
	(168, 1, 6, 7, 0, 0, '2024-08-14 08:54:45', '2024-08-14 08:54:46'),
	(169, 1, 7, 7, 0, 0, '2024-08-14 08:54:47', '2024-08-14 08:54:47'),
	(170, 1, 8, 7, 0, 0, '2024-08-14 08:54:48', '2024-08-14 08:54:49'),
	(171, 1, 9, 7, 0, 0, '2024-08-14 08:54:49', '2024-08-14 08:54:50'),
	(172, 1, 10, 7, 0, 0, '2024-08-14 08:54:51', '2024-08-14 08:54:51'),
	(173, 1, 11, 7, 0, 0, '2024-08-14 08:54:52', '2024-08-14 08:54:52'),
	(174, 1, 12, 7, 0, 0, '2024-08-14 08:54:53', '2024-08-14 08:54:54'),
	(175, 1, 13, 7, 0, 0, '2024-08-14 08:54:54', '2024-08-14 08:54:55'),
	(176, 1, 14, 7, 0, 0, '2024-08-14 08:54:57', '2024-08-14 08:54:57'),
	(177, 1, 15, 7, 0, 0, '2024-08-14 08:54:58', '2024-08-14 08:54:59'),
	(178, 1, 16, 7, 0, 0, '2024-08-14 08:54:59', '2024-08-14 08:55:00'),
	(179, 1, 17, 7, 0, 0, '2024-08-14 08:55:00', '2024-08-14 08:55:01'),
	(180, 1, 18, 7, 0, 0, '2024-08-14 08:55:02', '2024-08-14 08:55:02'),
	(181, 1, 19, 7, 0, 0, '2024-08-14 08:55:03', '2024-08-14 08:55:03'),
	(182, 1, 20, 7, 0, 0, '2024-08-14 08:55:05', '2024-08-14 08:55:05'),
	(183, 1, 21, 7, 0, 0, '2024-08-14 08:55:06', '2024-08-14 08:55:06'),
	(184, 1, 22, 7, 0, 0, '2024-08-14 08:55:07', '2024-08-14 08:55:08'),
	(185, 1, 23, 7, 0, 0, '2024-08-14 08:55:09', '2024-08-14 08:55:10'),
	(186, 1, 24, 7, 0, 0, '2024-08-14 08:55:09', '2024-08-14 08:55:10'),
	(187, 1, 25, 7, 0, 0, '2024-08-14 08:55:11', '2024-08-14 08:55:12'),
	(188, 1, 26, 7, 0, 0, '2024-08-14 08:55:13', '2024-08-14 08:55:14'),
	(189, 1, 27, 7, 0, 0, '2024-08-14 08:55:14', '2024-08-14 08:55:15'),
	(217, 2, 1, 2, 0, 0, '2024-08-15 02:32:36', '2024-08-15 02:32:37'),
	(218, 2, 2, 2, 0, 0, '2024-08-15 02:32:39', '2024-08-15 02:32:40'),
	(219, 2, 3, 2, 0, 0, '2024-08-15 02:32:41', '2024-08-15 02:32:42'),
	(220, 2, 4, 2, 0, 0, '2024-08-15 02:32:43', '2024-08-15 02:32:44'),
	(221, 2, 5, 2, 0, 0, '2024-08-15 02:32:45', '2024-08-15 02:32:46'),
	(222, 2, 6, 2, 0, 0, '2024-08-15 02:32:48', '2024-08-15 02:32:49'),
	(223, 2, 7, 2, 0, 0, '2024-08-15 02:32:51', '2024-08-15 02:32:52'),
	(224, 2, 8, 2, 1, 0, '2024-08-15 02:32:53', '2024-08-15 02:32:54'),
	(225, 2, 9, 2, 0, 0, '2024-08-15 02:32:55', '2024-08-15 02:32:56'),
	(226, 2, 10, 2, 0, 0, '2024-08-15 02:32:56', '2024-08-15 02:32:57'),
	(227, 2, 11, 2, 0, 0, '2024-08-15 02:32:58', '2024-08-15 02:32:58'),
	(228, 2, 12, 2, 0, 0, '2024-08-15 02:32:59', '2024-08-15 02:33:00'),
	(229, 2, 13, 2, 7, 0, '2024-08-15 02:33:01', '2024-08-15 02:33:01'),
	(230, 2, 14, 2, 0, 0, '2024-08-15 02:33:02', '2024-08-15 02:33:03'),
	(231, 2, 15, 2, 0, 0, '2024-08-15 02:33:03', '2024-08-15 02:33:04'),
	(232, 2, 16, 2, 0, 0, '2024-08-15 02:33:05', '2024-08-15 02:33:05'),
	(233, 2, 17, 2, 0, 0, '2024-08-15 02:33:06', '2024-08-15 02:33:06'),
	(234, 2, 18, 2, 0, 0, '2024-08-15 02:33:07', '2024-08-15 02:33:07'),
	(235, 2, 19, 2, 0, 0, '2024-08-15 02:33:08', '2024-08-15 02:33:09'),
	(236, 2, 20, 2, 0, 0, '2024-08-15 02:33:10', '2024-08-15 02:33:10'),
	(237, 2, 21, 2, 0, 0, '2024-08-15 02:33:11', '2024-08-15 02:33:12'),
	(238, 2, 22, 2, 1, 0, '2024-08-15 02:33:13', '2024-08-15 02:33:14'),
	(239, 2, 23, 2, 0, 0, '2024-08-15 02:33:14', '2024-08-15 02:33:15'),
	(240, 2, 24, 2, 0, 0, '2024-08-15 02:33:16', '2024-08-15 02:33:16'),
	(241, 2, 25, 2, 0, 0, '2024-08-15 02:33:17', '2024-08-15 02:33:18'),
	(242, 2, 26, 2, 1, 0, '2024-08-15 02:33:19', '2024-08-15 02:33:19'),
	(243, 2, 27, 2, 0, 0, '2024-08-15 02:33:20', '2024-08-15 02:33:20'),
	(244, 2, 1, 3, 0, 0, '2024-08-15 02:36:20', '2024-08-15 02:36:21'),
	(245, 2, 2, 3, 0, 0, '2024-08-15 02:36:21', '2024-08-15 02:36:22'),
	(246, 2, 3, 3, 0, 0, '2024-08-15 02:36:23', '2024-08-15 02:36:23'),
	(247, 2, 4, 3, 0, 0, '2024-08-15 02:36:24', '2024-08-15 02:36:25'),
	(248, 2, 5, 3, 0, 0, '2024-08-15 02:36:25', '2024-08-15 02:36:26'),
	(249, 2, 6, 3, 0, 0, '2024-08-15 02:36:26', '2024-08-15 02:36:27'),
	(250, 2, 7, 3, 0, 0, '2024-08-15 02:36:28', '2024-08-15 02:36:28'),
	(251, 2, 8, 3, 0, 0, '2024-08-15 02:36:29', '2024-08-15 02:36:30'),
	(252, 2, 9, 3, 0, 0, '2024-08-15 02:36:30', '2024-08-15 02:36:31'),
	(253, 2, 10, 3, 0, 0, '2024-08-15 02:36:32', '2024-08-15 02:36:32'),
	(254, 2, 11, 3, 0, 0, '2024-08-15 02:36:33', '2024-08-15 02:36:34'),
	(255, 2, 12, 3, 0, 0, '2024-08-15 02:36:35', '2024-08-15 02:36:36'),
	(256, 2, 13, 3, 0, 0, '2024-08-15 02:36:36', '2024-08-15 02:36:37'),
	(257, 2, 14, 3, 0, 0, '2024-08-15 02:36:38', '2024-08-15 02:36:39'),
	(258, 2, 15, 3, 0, 0, '2024-08-15 02:36:40', '2024-08-15 02:36:39'),
	(259, 2, 16, 3, 0, 0, '2024-08-15 02:36:41', '2024-08-15 02:36:42'),
	(260, 2, 17, 3, 0, 0, '2024-08-15 02:36:43', '2024-08-15 02:36:44'),
	(261, 2, 18, 3, 0, 0, '2024-08-15 02:36:46', '2024-08-15 02:36:47'),
	(262, 2, 19, 3, 0, 0, '2024-08-15 02:36:48', '2024-08-15 02:36:49'),
	(263, 2, 20, 3, 0, 0, '2024-08-15 02:36:49', '2024-08-15 02:36:50'),
	(264, 2, 21, 3, 0, 0, '2024-08-15 02:36:51', '2024-08-15 02:36:52'),
	(265, 2, 22, 3, 0, 0, '2024-08-15 02:36:53', '2024-08-15 02:36:53'),
	(266, 2, 23, 3, 0, 0, '2024-08-15 02:36:54', '2024-08-15 02:36:54'),
	(267, 2, 24, 3, 0, 0, '2024-08-15 02:36:55', '2024-08-15 02:36:55'),
	(268, 2, 25, 3, 0, 0, '2024-08-15 02:36:56', '2024-08-15 02:36:56'),
	(269, 2, 26, 3, 0, 0, '2024-08-15 02:36:58', '2024-08-15 02:37:01'),
	(270, 2, 27, 3, 0, 0, '2024-08-15 02:36:57', '2024-08-15 02:37:01'),
	(271, 2, 1, 4, 0, 0, '2024-08-15 02:42:32', '2024-08-15 02:42:33'),
	(272, 2, 2, 4, 2, 0, '2024-08-15 02:42:34', '2024-08-15 02:42:35'),
	(273, 2, 3, 4, 1, 0, '2024-08-15 02:42:36', '2024-08-15 02:42:36'),
	(274, 2, 4, 4, 0, 0, '2024-08-15 02:42:37', '2024-08-15 02:42:38'),
	(275, 2, 5, 4, 1, 0, '2024-08-15 02:42:39', '2024-08-15 02:42:39'),
	(276, 2, 6, 4, 1, 0, '2024-08-15 02:42:40', '2024-08-15 02:42:41'),
	(277, 2, 7, 4, 8, 0, '2024-08-15 02:42:42', '2024-08-15 02:42:42'),
	(278, 2, 8, 4, 1, 0, '2024-08-15 02:42:43', '2024-08-15 02:42:44'),
	(279, 2, 9, 4, 4, 0, '2024-08-15 02:42:45', '2024-08-15 02:42:45'),
	(280, 2, 10, 4, 3, 0, '2024-08-15 02:42:46', '2024-08-15 02:42:47'),
	(281, 2, 11, 4, 5, 0, '2024-08-15 02:42:48', '2024-08-15 02:42:48'),
	(282, 2, 12, 4, 3, 0, '2024-08-15 02:42:49', '2024-08-15 02:42:49'),
	(283, 2, 13, 4, 4, 0, '2024-08-15 02:42:50', '2024-08-15 02:42:50'),
	(284, 2, 14, 4, 3, 0, '2024-08-15 02:42:51', '2024-08-15 02:42:51'),
	(285, 2, 15, 4, 11, 0, '2024-08-15 02:42:52', '2024-08-15 02:42:53'),
	(286, 2, 16, 4, 0, 0, '2024-08-15 02:42:52', '2024-08-15 02:42:54'),
	(287, 2, 17, 4, 2, 0, '2024-08-15 02:42:57', '2024-08-15 02:42:57'),
	(288, 2, 18, 4, 0, 0, '2024-08-15 02:42:58', '2024-08-15 02:42:58'),
	(289, 2, 19, 4, 1, 0, '2024-08-15 02:42:59', '2024-08-15 02:43:00'),
	(290, 2, 20, 4, 0, 0, '2024-08-15 02:43:01', '2024-08-15 02:43:01'),
	(291, 2, 21, 4, 1, 0, '2024-08-15 02:43:03', '2024-08-15 02:43:04'),
	(292, 2, 22, 4, 0, 0, '2024-08-15 02:43:04', '2024-08-15 02:43:05'),
	(293, 2, 23, 4, 3, 0, '2024-08-15 02:43:06', '2024-08-15 02:43:06'),
	(294, 2, 24, 4, 4, 0, '2024-08-15 02:43:07', '2024-08-15 02:43:08'),
	(295, 2, 25, 4, 6, 0, '2024-08-15 02:43:07', '2024-08-15 02:43:09'),
	(296, 2, 26, 4, 3, 0, '2024-08-15 02:43:10', '2024-08-15 02:43:10'),
	(297, 2, 27, 4, 5, 0, '2024-08-15 02:49:05', '2024-08-15 02:49:09'),
	(298, 2, 1, 5, 22, 0, '2024-08-15 02:48:57', '2024-08-15 02:48:57'),
	(299, 2, 2, 5, 27, 1, '2024-08-15 02:48:57', '2024-08-15 02:48:57'),
	(300, 2, 3, 5, 61, 3, '2024-08-15 02:48:57', '2024-08-15 02:48:57'),
	(301, 2, 4, 5, 58, 2, '2024-08-15 02:48:57', '2024-08-15 02:48:57'),
	(302, 2, 5, 5, 70, 4, '2024-08-15 02:48:57', '2024-08-15 02:48:57'),
	(303, 2, 6, 5, 55, 2, '2024-08-15 02:48:57', '2024-08-15 02:48:57'),
	(304, 2, 7, 5, 65, 3, '2024-08-15 02:48:57', '2024-08-15 02:48:57'),
	(305, 2, 8, 5, 57, 0, '2024-08-15 02:48:57', '2024-08-15 02:48:57'),
	(306, 2, 9, 5, 44, 4, '2024-08-15 02:48:57', '2024-08-15 02:48:57'),
	(307, 2, 10, 5, 117, 8, '2024-08-15 02:48:57', '2024-08-15 02:48:57'),
	(308, 2, 11, 5, 50, 1, '2024-08-15 02:48:57', '2024-08-15 02:48:57'),
	(309, 2, 12, 5, 77, 1, '2024-08-15 02:48:57', '2024-08-15 02:48:57'),
	(310, 2, 13, 5, 175, 2, '2024-08-15 02:48:57', '2024-08-15 02:48:57'),
	(311, 2, 14, 5, 40, 0, '2024-08-15 02:48:57', '2024-08-15 02:48:57'),
	(312, 2, 15, 5, 47, 1, '2024-08-15 02:48:57', '2024-08-15 02:48:57'),
	(313, 2, 16, 5, 38, 3, '2024-08-15 02:48:57', '2024-08-15 02:48:57'),
	(314, 2, 17, 5, 60, 3, '2024-08-15 02:48:57', '2024-08-15 02:48:57'),
	(315, 2, 18, 5, 64, 3, '2024-08-15 02:48:57', '2024-08-15 02:48:57'),
	(316, 2, 19, 5, 59, 1, '2024-08-15 02:48:57', '2024-08-15 02:48:57'),
	(317, 2, 20, 5, 76, 0, '2024-08-15 02:48:57', '2024-08-15 02:48:57'),
	(318, 2, 21, 5, 29, 2, '2024-08-15 02:48:57', '2024-08-15 02:48:57'),
	(319, 2, 22, 5, 66, 2, '2024-08-15 02:48:57', '2024-08-15 02:48:57'),
	(320, 2, 23, 5, 29, 1, '2024-08-15 02:48:57', '2024-08-15 02:48:57'),
	(321, 2, 24, 5, 45, 1, '2024-08-15 02:48:57', '2024-08-15 02:48:57'),
	(322, 2, 25, 5, 33, 1, '2024-08-15 02:48:57', '2024-08-15 02:48:57'),
	(323, 2, 26, 5, 101, 1, '2024-08-15 02:48:57', '2024-08-15 02:48:57'),
	(324, 2, 27, 5, 67, 5, '2024-08-15 02:48:57', '2024-08-15 02:48:57'),
	(325, 2, 1, 6, 0, 0, '2024-08-15 02:53:55', '2024-08-15 02:53:55'),
	(326, 2, 2, 6, 0, 0, '2024-08-15 02:53:55', '2024-08-15 02:53:55'),
	(327, 2, 3, 6, 0, 0, '2024-08-15 02:53:55', '2024-08-15 02:53:55'),
	(328, 2, 4, 6, 0, 0, '2024-08-15 02:53:55', '2024-08-15 02:53:55'),
	(329, 2, 5, 6, 0, 0, '2024-08-15 02:53:55', '2024-08-15 02:53:55'),
	(330, 2, 6, 6, 3, 0, '2024-08-15 02:53:55', '2024-08-15 02:53:55'),
	(331, 2, 7, 6, 0, 0, '2024-08-15 02:53:55', '2024-08-15 02:53:55'),
	(332, 2, 8, 6, 0, 0, '2024-08-15 02:53:55', '2024-08-15 02:53:55'),
	(333, 2, 9, 6, 0, 0, '2024-08-15 02:53:55', '2024-08-15 02:53:55'),
	(334, 2, 10, 6, 0, 0, '2024-08-15 02:53:55', '2024-08-15 02:53:55'),
	(335, 2, 11, 6, 0, 0, '2024-08-15 02:53:55', '2024-08-15 02:53:55'),
	(336, 2, 12, 6, 0, 0, '2024-08-15 02:53:55', '2024-08-15 02:53:55'),
	(337, 2, 13, 6, 2, 0, '2024-08-15 02:53:55', '2024-08-15 02:53:55'),
	(338, 2, 14, 6, 0, 0, '2024-08-15 02:53:55', '2024-08-15 02:53:55'),
	(339, 2, 15, 6, 0, 0, '2024-08-15 02:53:55', '2024-08-15 02:53:55'),
	(340, 2, 16, 6, 1, 0, '2024-08-15 02:53:55', '2024-08-15 02:53:55'),
	(341, 2, 17, 6, 0, 0, '2024-08-15 02:53:55', '2024-08-15 02:53:55'),
	(342, 2, 18, 6, 1, 0, '2024-08-15 02:53:55', '2024-08-15 02:53:55'),
	(343, 2, 19, 6, 0, 0, '2024-08-15 02:53:55', '2024-08-15 02:53:55'),
	(344, 2, 20, 6, 1, 0, '2024-08-15 02:53:55', '2024-08-15 02:53:55'),
	(345, 2, 21, 6, 1, 0, '2024-08-15 02:53:55', '2024-08-15 02:53:55'),
	(346, 2, 22, 6, 0, 0, '2024-08-15 02:53:55', '2024-08-15 02:53:55'),
	(347, 2, 23, 6, 0, 0, '2024-08-15 02:53:55', '2024-08-15 02:53:55'),
	(348, 2, 24, 6, 0, 0, '2024-08-15 02:53:55', '2024-08-15 02:53:55'),
	(349, 2, 25, 6, 0, 0, '2024-08-15 02:53:55', '2024-08-15 02:53:55'),
	(350, 2, 26, 6, 0, 0, '2024-08-15 02:53:55', '2024-08-15 02:53:55'),
	(351, 2, 27, 6, 0, 0, '2024-08-15 02:53:55', '2024-08-15 02:53:55'),
	(352, 2, 1, 7, 0, 0, '2024-08-15 02:56:15', '2024-08-15 02:56:15'),
	(353, 2, 2, 7, 0, 0, '2024-08-15 02:56:15', '2024-08-15 02:56:15'),
	(354, 2, 3, 7, 0, 0, '2024-08-15 02:56:15', '2024-08-15 02:56:15'),
	(355, 2, 4, 7, 0, 0, '2024-08-15 02:56:15', '2024-08-15 02:56:15'),
	(356, 2, 5, 7, 0, 0, '2024-08-15 02:56:15', '2024-08-15 02:56:15'),
	(357, 2, 6, 7, 0, 0, '2024-08-15 02:56:15', '2024-08-15 02:56:15'),
	(358, 2, 7, 7, 0, 0, '2024-08-15 02:56:15', '2024-08-15 02:56:15'),
	(359, 2, 8, 7, 0, 0, '2024-08-15 02:56:15', '2024-08-15 02:56:15'),
	(360, 2, 9, 7, 1, 0, '2024-08-15 02:56:15', '2024-08-15 02:56:15'),
	(361, 2, 10, 7, 0, 0, '2024-08-15 02:56:15', '2024-08-15 02:56:15'),
	(362, 2, 11, 7, 0, 0, '2024-08-15 02:56:15', '2024-08-15 02:56:15'),
	(363, 2, 12, 7, 0, 0, '2024-08-15 02:56:15', '2024-08-15 02:56:15'),
	(364, 2, 13, 7, 0, 0, '2024-08-15 02:56:15', '2024-08-15 02:56:15'),
	(365, 2, 14, 7, 0, 0, '2024-08-15 02:56:15', '2024-08-15 02:56:15'),
	(366, 2, 15, 7, 0, 0, '2024-08-15 02:56:15', '2024-08-15 02:56:15'),
	(367, 2, 16, 7, 0, 0, '2024-08-15 02:56:15', '2024-08-15 02:56:15'),
	(368, 2, 17, 7, 1, 0, '2024-08-15 02:56:15', '2024-08-15 02:56:15'),
	(369, 2, 18, 7, 0, 0, '2024-08-15 02:56:15', '2024-08-15 02:56:15'),
	(370, 2, 19, 7, 0, 0, '2024-08-15 02:56:15', '2024-08-15 02:56:15'),
	(371, 2, 20, 7, 0, 0, '2024-08-15 02:56:15', '2024-08-15 02:56:15'),
	(372, 2, 21, 7, 0, 0, '2024-08-15 02:56:15', '2024-08-15 02:56:15'),
	(373, 2, 22, 7, 1, 0, '2024-08-15 02:56:15', '2024-08-15 02:56:15'),
	(374, 2, 23, 7, 0, 0, '2024-08-15 02:56:15', '2024-08-15 02:56:15'),
	(375, 2, 24, 7, 0, 0, '2024-08-15 02:56:15', '2024-08-15 02:56:15'),
	(376, 2, 25, 7, 0, 0, '2024-08-15 02:56:15', '2024-08-15 02:56:15'),
	(377, 2, 26, 7, 0, 0, '2024-08-15 02:56:15', '2024-08-15 02:56:15'),
	(378, 2, 27, 7, 0, 0, '2024-08-15 02:56:15', '2024-08-15 02:56:15'),
	(406, 3, 1, 2, 0, 0, '2024-08-15 03:40:14', '2024-08-15 03:40:14'),
	(407, 3, 2, 2, 0, 0, '2024-08-15 03:40:14', '2024-08-15 03:40:14'),
	(408, 3, 3, 2, 0, 0, '2024-08-15 03:40:14', '2024-08-15 03:40:14'),
	(409, 3, 4, 2, 0, 0, '2024-08-15 03:40:14', '2024-08-15 03:40:14'),
	(410, 3, 5, 2, 0, 0, '2024-08-15 03:40:14', '2024-08-15 03:40:14'),
	(411, 3, 6, 2, 1, 0, '2024-08-15 03:40:14', '2024-08-15 03:40:14'),
	(412, 3, 7, 2, 0, 0, '2024-08-15 03:40:14', '2024-08-15 03:40:14'),
	(413, 3, 8, 2, 1, 0, '2024-08-15 03:40:14', '2024-08-15 03:40:14'),
	(414, 3, 9, 2, 0, 0, '2024-08-15 03:40:14', '2024-08-15 03:40:14'),
	(415, 3, 10, 2, 0, 0, '2024-08-15 03:40:14', '2024-08-15 03:40:14'),
	(416, 3, 11, 2, 0, 0, '2024-08-15 03:40:14', '2024-08-15 03:40:14'),
	(417, 3, 12, 2, 0, 0, '2024-08-15 03:40:14', '2024-08-15 03:40:14'),
	(418, 3, 13, 2, 4, 0, '2024-08-15 03:40:14', '2024-08-15 03:40:14'),
	(419, 3, 14, 2, 0, 0, '2024-08-15 03:40:14', '2024-08-15 03:40:14'),
	(420, 3, 15, 2, 0, 0, '2024-08-15 03:40:14', '2024-08-15 03:40:14'),
	(421, 3, 16, 2, 1, 0, '2024-08-15 03:40:14', '2024-08-15 03:40:14'),
	(422, 3, 17, 2, 0, 0, '2024-08-15 03:40:14', '2024-08-15 03:40:14'),
	(423, 3, 18, 2, 0, 0, '2024-08-15 03:40:14', '2024-08-15 03:40:14'),
	(424, 3, 19, 2, 0, 0, '2024-08-15 03:40:14', '2024-08-15 03:40:14'),
	(425, 3, 20, 2, 2, 0, '2024-08-15 03:40:14', '2024-08-15 03:40:14'),
	(426, 3, 21, 2, 1, 0, '2024-08-15 03:40:14', '2024-08-15 03:40:14'),
	(427, 3, 22, 2, 0, 0, '2024-08-15 03:40:14', '2024-08-15 03:40:14'),
	(428, 3, 23, 2, 0, 0, '2024-08-15 03:40:14', '2024-08-15 03:40:14'),
	(429, 3, 24, 2, 0, 0, '2024-08-15 03:40:14', '2024-08-15 03:40:14'),
	(430, 3, 25, 2, 0, 0, '2024-08-15 03:40:14', '2024-08-15 03:40:14'),
	(431, 3, 26, 2, 0, 0, '2024-08-15 03:40:14', '2024-08-15 03:40:14'),
	(432, 3, 27, 2, 0, 0, '2024-08-15 03:40:14', '2024-08-15 03:40:14'),
	(433, 3, 1, 3, 0, 0, '2024-08-15 03:41:09', '2024-08-15 03:41:09'),
	(434, 3, 2, 3, 0, 0, '2024-08-15 03:41:09', '2024-08-15 03:41:09'),
	(435, 3, 3, 3, 0, 0, '2024-08-15 03:41:09', '2024-08-15 03:41:09'),
	(436, 3, 4, 3, 0, 0, '2024-08-15 03:41:09', '2024-08-15 03:41:09'),
	(437, 3, 5, 3, 0, 0, '2024-08-15 03:41:09', '2024-08-15 03:41:09'),
	(438, 3, 6, 3, 0, 0, '2024-08-15 03:41:09', '2024-08-15 03:41:09'),
	(439, 3, 7, 3, 0, 0, '2024-08-15 03:41:09', '2024-08-15 03:41:09'),
	(440, 3, 8, 3, 0, 0, '2024-08-15 03:41:09', '2024-08-15 03:41:09'),
	(441, 3, 9, 3, 0, 0, '2024-08-15 03:41:09', '2024-08-15 03:41:09'),
	(442, 3, 10, 3, 0, 0, '2024-08-15 03:41:09', '2024-08-15 03:41:09'),
	(443, 3, 11, 3, 0, 0, '2024-08-15 03:41:09', '2024-08-15 03:41:09'),
	(444, 3, 12, 3, 0, 0, '2024-08-15 03:41:09', '2024-08-15 03:41:09'),
	(445, 3, 13, 3, 0, 0, '2024-08-15 03:41:09', '2024-08-15 03:41:09'),
	(446, 3, 14, 3, 0, 0, '2024-08-15 03:41:09', '2024-08-15 03:41:09'),
	(447, 3, 15, 3, 0, 0, '2024-08-15 03:41:09', '2024-08-15 03:41:09'),
	(448, 3, 16, 3, 0, 0, '2024-08-15 03:41:09', '2024-08-15 03:41:09'),
	(449, 3, 17, 3, 0, 0, '2024-08-15 03:41:09', '2024-08-15 03:41:09'),
	(450, 3, 18, 3, 0, 0, '2024-08-15 03:41:09', '2024-08-15 03:41:09'),
	(451, 3, 19, 3, 0, 0, '2024-08-15 03:41:09', '2024-08-15 03:41:09'),
	(452, 3, 20, 3, 0, 0, '2024-08-15 03:41:09', '2024-08-15 03:41:09'),
	(453, 3, 21, 3, 0, 0, '2024-08-15 03:41:09', '2024-08-15 03:41:09'),
	(454, 3, 22, 3, 0, 0, '2024-08-15 03:41:09', '2024-08-15 03:41:09'),
	(455, 3, 23, 3, 0, 0, '2024-08-15 03:41:09', '2024-08-15 03:41:09'),
	(456, 3, 24, 3, 0, 0, '2024-08-15 03:41:09', '2024-08-15 03:41:09'),
	(457, 3, 25, 3, 0, 0, '2024-08-15 03:41:09', '2024-08-15 03:41:09'),
	(458, 3, 26, 3, 0, 0, '2024-08-15 03:41:09', '2024-08-15 03:41:09'),
	(459, 3, 27, 3, 0, 0, '2024-08-15 03:41:09', '2024-08-15 03:41:09'),
	(460, 3, 1, 5, 39, 1, '2024-08-15 03:50:16', '2024-08-15 03:50:16'),
	(461, 3, 2, 5, 41, 1, '2024-08-15 03:50:16', '2024-08-15 03:50:16'),
	(462, 3, 3, 5, 121, 2, '2024-08-15 03:50:16', '2024-08-15 03:50:16'),
	(463, 3, 4, 5, 85, 4, '2024-08-15 03:50:16', '2024-08-15 03:50:16'),
	(464, 3, 5, 5, 114, 6, '2024-08-15 03:50:16', '2024-08-15 03:50:16'),
	(465, 3, 6, 5, 98, 4, '2024-08-15 03:50:16', '2024-08-15 03:50:16'),
	(466, 3, 7, 5, 101, 1, '2024-08-15 03:50:16', '2024-08-15 03:50:16'),
	(467, 3, 8, 5, 112, 5, '2024-08-15 03:50:16', '2024-08-15 03:50:16'),
	(468, 3, 9, 5, 89, 2, '2024-08-15 03:50:16', '2024-08-15 03:50:16'),
	(469, 3, 10, 5, 207, 8, '2024-08-15 03:50:16', '2024-08-15 03:50:16'),
	(470, 3, 11, 5, 83, 5, '2024-08-15 03:50:16', '2024-08-15 03:50:16'),
	(471, 3, 12, 5, 127, 4, '2024-08-15 03:50:16', '2024-08-15 03:50:16'),
	(472, 3, 13, 5, 626, 5, '2024-08-15 03:50:16', '2024-08-15 03:50:16'),
	(473, 3, 14, 5, 86, 1, '2024-08-15 03:50:16', '2024-08-15 03:50:16'),
	(474, 3, 15, 5, 81, 1, '2024-08-15 03:50:16', '2024-08-15 03:50:16'),
	(475, 3, 16, 5, 67, 1, '2024-08-15 03:50:16', '2024-08-15 03:50:16'),
	(476, 3, 17, 5, 86, 4, '2024-08-15 03:50:16', '2024-08-15 03:50:16'),
	(477, 3, 18, 5, 142, 3, '2024-08-15 03:50:16', '2024-08-15 03:50:16'),
	(478, 3, 19, 5, 70, 2, '2024-08-15 03:50:16', '2024-08-15 03:50:16'),
	(479, 3, 20, 5, 79, 1, '2024-08-15 03:50:16', '2024-08-15 03:50:16'),
	(480, 3, 21, 5, 68, 1, '2024-08-15 03:50:16', '2024-08-15 03:50:16'),
	(481, 3, 22, 5, 71, 10, '2024-08-15 03:50:16', '2024-08-15 03:50:16'),
	(482, 3, 23, 5, 53, 3, '2024-08-15 03:50:16', '2024-08-15 03:50:16'),
	(483, 3, 24, 5, 73, 4, '2024-08-15 03:50:16', '2024-08-15 03:50:16'),
	(484, 3, 25, 5, 55, 3, '2024-08-15 03:50:16', '2024-08-15 03:50:16'),
	(485, 3, 26, 5, 174, 4, '2024-08-15 03:50:16', '2024-08-15 03:50:16'),
	(486, 3, 27, 5, 100, 3, '2024-08-15 03:50:16', '2024-08-15 03:50:16'),
	(487, 3, 1, 4, 0, 0, '2024-08-15 03:52:46', '2024-08-15 03:52:46'),
	(488, 3, 2, 4, 2, 0, '2024-08-15 03:52:46', '2024-08-15 03:52:46'),
	(489, 3, 3, 4, 2, 0, '2024-08-15 03:52:46', '2024-08-15 03:52:46'),
	(490, 3, 4, 4, 5, 0, '2024-08-15 03:52:46', '2024-08-15 03:52:46'),
	(491, 3, 5, 4, 3, 0, '2024-08-15 03:52:46', '2024-08-15 03:52:46'),
	(492, 3, 6, 4, 2, 0, '2024-08-15 03:52:46', '2024-08-15 03:52:46'),
	(493, 3, 7, 4, 10, 0, '2024-08-15 03:52:46', '2024-08-15 03:52:46'),
	(494, 3, 8, 4, 3, 0, '2024-08-15 03:52:46', '2024-08-15 03:52:46'),
	(495, 3, 9, 4, 3, 0, '2024-08-15 03:52:46', '2024-08-15 03:52:46'),
	(496, 3, 10, 4, 0, 0, '2024-08-15 03:52:46', '2024-08-15 03:52:46'),
	(497, 3, 11, 4, 3, 0, '2024-08-15 03:52:46', '2024-08-15 03:52:46'),
	(498, 3, 12, 4, 2, 0, '2024-08-15 03:52:46', '2024-08-15 03:52:46'),
	(499, 3, 13, 4, 3, 0, '2024-08-15 03:52:46', '2024-08-15 03:52:46'),
	(500, 3, 14, 4, 8, 0, '2024-08-15 03:52:46', '2024-08-15 03:52:46'),
	(501, 3, 15, 4, 0, 0, '2024-08-15 03:52:46', '2024-08-15 03:52:46'),
	(502, 3, 16, 4, 0, 0, '2024-08-15 03:52:46', '2024-08-15 03:52:46'),
	(503, 3, 17, 4, 0, 0, '2024-08-15 03:52:46', '2024-08-15 03:52:46'),
	(504, 3, 18, 4, 0, 0, '2024-08-15 03:52:46', '2024-08-15 03:52:46'),
	(505, 3, 19, 4, 1, 0, '2024-08-15 03:52:46', '2024-08-15 03:52:46'),
	(506, 3, 20, 4, 5, 0, '2024-08-15 03:52:46', '2024-08-15 03:52:46'),
	(507, 3, 21, 4, 3, 0, '2024-08-15 03:52:46', '2024-08-15 03:52:46'),
	(508, 3, 22, 4, 0, 0, '2024-08-15 03:52:46', '2024-08-15 03:52:46'),
	(509, 3, 23, 4, 5, 0, '2024-08-15 03:52:46', '2024-08-15 03:52:46'),
	(510, 3, 24, 4, 0, 0, '2024-08-15 03:52:46', '2024-08-15 03:52:46'),
	(511, 3, 25, 4, 0, 0, '2024-08-15 03:52:46', '2024-08-15 03:52:46'),
	(512, 3, 26, 4, 0, 0, '2024-08-15 03:52:46', '2024-08-15 03:52:46'),
	(513, 3, 27, 4, 1, 0, '2024-08-15 03:52:46', '2024-08-15 03:52:46'),
	(514, 3, 1, 6, 0, 0, '2024-08-15 03:56:25', '2024-08-15 03:56:25'),
	(515, 3, 2, 6, 0, 0, '2024-08-15 03:56:25', '2024-08-15 03:56:25'),
	(516, 3, 3, 6, 0, 0, '2024-08-15 03:56:25', '2024-08-15 03:56:25'),
	(517, 3, 4, 6, 0, 0, '2024-08-15 03:56:25', '2024-08-15 03:56:25'),
	(518, 3, 5, 6, 0, 0, '2024-08-15 03:56:25', '2024-08-15 03:56:25'),
	(519, 3, 6, 6, 3, 0, '2024-08-15 03:56:25', '2024-08-15 03:56:25'),
	(520, 3, 7, 6, 0, 0, '2024-08-15 03:56:25', '2024-08-15 03:56:25'),
	(521, 3, 8, 6, 0, 0, '2024-08-15 03:56:25', '2024-08-15 03:56:25'),
	(522, 3, 9, 6, 0, 0, '2024-08-15 03:56:25', '2024-08-15 03:56:25'),
	(523, 3, 10, 6, 0, 0, '2024-08-15 03:56:25', '2024-08-15 03:56:25'),
	(524, 3, 11, 6, 0, 0, '2024-08-15 03:56:25', '2024-08-15 03:56:25'),
	(525, 3, 12, 6, 0, 0, '2024-08-15 03:56:25', '2024-08-15 03:56:25'),
	(526, 3, 13, 6, 2, 0, '2024-08-15 03:56:25', '2024-08-15 03:56:25'),
	(527, 3, 14, 6, 0, 0, '2024-08-15 03:56:25', '2024-08-15 03:56:25'),
	(528, 3, 15, 6, 0, 0, '2024-08-15 03:56:25', '2024-08-15 03:56:25'),
	(529, 3, 16, 6, 1, 0, '2024-08-15 03:56:25', '2024-08-15 03:56:25'),
	(530, 3, 17, 6, 0, 0, '2024-08-15 03:56:25', '2024-08-15 03:56:25'),
	(531, 3, 18, 6, 1, 0, '2024-08-15 03:56:25', '2024-08-15 03:56:25'),
	(532, 3, 19, 6, 0, 0, '2024-08-15 03:56:25', '2024-08-15 03:56:25'),
	(533, 3, 20, 6, 1, 0, '2024-08-15 03:56:25', '2024-08-15 03:56:25'),
	(534, 3, 21, 6, 1, 0, '2024-08-15 03:56:25', '2024-08-15 03:56:25'),
	(535, 3, 22, 6, 0, 0, '2024-08-15 03:56:25', '2024-08-15 03:56:25'),
	(536, 3, 23, 6, 0, 0, '2024-08-15 03:56:25', '2024-08-15 03:56:25'),
	(537, 3, 24, 6, 0, 0, '2024-08-15 03:56:25', '2024-08-15 03:56:25'),
	(538, 3, 25, 6, 0, 0, '2024-08-15 03:56:25', '2024-08-15 03:56:25'),
	(539, 3, 26, 6, 0, 0, '2024-08-15 03:56:25', '2024-08-15 03:56:25'),
	(540, 3, 27, 6, 0, 0, '2024-08-15 03:56:25', '2024-08-15 03:56:25'),
	(541, 3, 1, 7, 1, 0, '2024-08-15 03:58:22', '2024-08-15 03:58:22'),
	(542, 3, 2, 7, 0, 0, '2024-08-15 03:58:22', '2024-08-15 03:58:22'),
	(543, 3, 3, 7, 2, 0, '2024-08-15 03:58:22', '2024-08-15 03:58:22'),
	(544, 3, 4, 7, 1, 0, '2024-08-15 03:58:22', '2024-08-15 03:58:22'),
	(545, 3, 5, 7, 0, 0, '2024-08-15 03:58:22', '2024-08-15 03:58:22'),
	(546, 3, 6, 7, 0, 0, '2024-08-15 03:58:22', '2024-08-15 03:58:22'),
	(547, 3, 7, 7, 0, 0, '2024-08-15 03:58:22', '2024-08-15 03:58:22'),
	(548, 3, 8, 7, 2, 0, '2024-08-15 03:58:22', '2024-08-15 03:58:22'),
	(549, 3, 9, 7, 0, 0, '2024-08-15 03:58:22', '2024-08-15 03:58:22'),
	(550, 3, 10, 7, 1, 0, '2024-08-15 03:58:22', '2024-08-15 03:58:22'),
	(551, 3, 11, 7, 0, 0, '2024-08-15 03:58:22', '2024-08-15 03:58:22'),
	(552, 3, 12, 7, 1, 0, '2024-08-15 03:58:22', '2024-08-15 03:58:22'),
	(553, 3, 13, 7, 0, 0, '2024-08-15 03:58:22', '2024-08-15 03:58:22'),
	(554, 3, 14, 7, 1, 0, '2024-08-15 03:58:22', '2024-08-15 03:58:22'),
	(555, 3, 15, 7, 0, 0, '2024-08-15 03:58:22', '2024-08-15 03:58:22'),
	(556, 3, 16, 7, 4, 0, '2024-08-15 03:58:22', '2024-08-15 03:58:22'),
	(557, 3, 17, 7, 0, 0, '2024-08-15 03:58:22', '2024-08-15 03:58:22'),
	(558, 3, 18, 7, 0, 0, '2024-08-15 03:58:22', '2024-08-15 03:58:22'),
	(559, 3, 19, 7, 1, 0, '2024-08-15 03:58:22', '2024-08-15 03:58:22'),
	(560, 3, 20, 7, 2, 0, '2024-08-15 03:58:22', '2024-08-15 03:58:22'),
	(561, 3, 21, 7, 0, 0, '2024-08-15 03:58:22', '2024-08-15 03:58:22'),
	(562, 3, 22, 7, 0, 0, '2024-08-15 03:58:22', '2024-08-15 03:58:22'),
	(563, 3, 23, 7, 1, 0, '2024-08-15 03:58:22', '2024-08-15 03:58:22'),
	(564, 3, 24, 7, 0, 0, '2024-08-15 03:58:22', '2024-08-15 03:58:22'),
	(565, 3, 25, 7, 3, 0, '2024-08-15 03:58:22', '2024-08-15 03:58:22'),
	(566, 3, 26, 7, 0, 0, '2024-08-15 03:58:22', '2024-08-15 03:58:22'),
	(567, 3, 27, 7, 1, 0, '2024-08-15 03:58:22', '2024-08-15 03:58:22'),
	(595, 4, 1, 2, 0, 0, '2024-10-23 08:48:12', '2024-10-23 08:48:12'),
	(596, 4, 2, 2, 0, 0, '2024-10-23 08:48:12', '2024-10-23 08:48:12'),
	(597, 4, 3, 2, 0, 0, '2024-10-23 08:48:12', '2024-10-23 08:48:12'),
	(598, 4, 4, 2, 0, 0, '2024-10-23 08:48:12', '2024-10-23 08:48:12'),
	(599, 4, 5, 2, 1, 0, '2024-10-23 08:48:12', '2024-10-23 08:48:12'),
	(600, 4, 6, 2, 1, 0, '2024-10-23 08:48:12', '2024-10-23 08:48:12'),
	(601, 4, 7, 2, 0, 0, '2024-10-23 08:48:12', '2024-10-23 08:48:12'),
	(602, 4, 8, 2, 0, 0, '2024-10-23 08:48:12', '2024-10-23 08:48:12'),
	(603, 4, 9, 2, 0, 0, '2024-10-23 08:48:12', '2024-10-23 08:48:12'),
	(604, 4, 10, 2, 1, 0, '2024-10-23 08:48:12', '2024-10-23 08:48:12'),
	(605, 4, 11, 2, 1, 0, '2024-10-23 08:48:12', '2024-10-23 08:48:12'),
	(606, 4, 12, 2, 0, 0, '2024-10-23 08:48:12', '2024-10-23 08:48:12'),
	(607, 4, 13, 2, 0, 0, '2024-10-23 08:48:12', '2024-10-23 08:48:12'),
	(608, 4, 14, 2, 0, 0, '2024-10-23 08:48:12', '2024-10-23 08:48:12'),
	(609, 4, 15, 2, 0, 0, '2024-10-23 08:48:12', '2024-10-23 08:48:12'),
	(610, 4, 16, 2, 0, 0, '2024-10-23 08:48:12', '2024-10-23 08:48:12'),
	(611, 4, 17, 2, 0, 0, '2024-10-23 08:48:12', '2024-10-23 08:48:12'),
	(612, 4, 18, 2, 0, 0, '2024-10-23 08:48:12', '2024-10-23 08:48:12'),
	(613, 4, 19, 2, 0, 0, '2024-10-23 08:48:12', '2024-10-23 08:48:12'),
	(614, 4, 20, 2, 1, 0, '2024-10-23 08:48:12', '2024-10-23 08:48:12'),
	(615, 4, 21, 2, 5, 0, '2024-10-23 08:48:12', '2024-10-23 08:48:12'),
	(616, 4, 22, 2, 1, 0, '2024-10-23 08:48:12', '2024-10-23 08:48:12'),
	(617, 4, 23, 2, 0, 0, '2024-10-23 08:48:12', '2024-10-23 08:48:12'),
	(618, 4, 24, 2, 0, 0, '2024-10-23 08:48:12', '2024-10-23 08:48:12'),
	(619, 4, 25, 2, 0, 0, '2024-10-23 08:48:12', '2024-10-23 08:48:12'),
	(620, 4, 26, 2, 0, 0, '2024-10-23 08:48:12', '2024-10-23 08:48:12'),
	(621, 4, 27, 2, 1, 0, '2024-10-23 08:48:12', '2024-10-23 08:48:12'),
	(622, 4, 1, 3, 5, 0, '2024-10-23 08:51:05', '2024-10-23 08:51:05'),
	(623, 4, 2, 3, 5, 0, '2024-10-23 08:51:05', '2024-10-23 08:51:05'),
	(624, 4, 3, 3, 1, 0, '2024-10-23 08:51:05', '2024-10-23 08:51:05'),
	(625, 4, 4, 3, 1, 0, '2024-10-23 08:51:05', '2024-10-23 08:51:05'),
	(626, 4, 5, 3, 9, 0, '2024-10-23 08:51:05', '2024-10-23 08:51:05'),
	(627, 4, 6, 3, 6, 0, '2024-10-23 08:51:05', '2024-10-23 08:51:05'),
	(628, 4, 7, 3, 16, 0, '2024-10-23 08:51:05', '2024-10-23 08:51:05'),
	(629, 4, 8, 3, 6, 0, '2024-10-23 08:51:05', '2024-10-23 08:51:05'),
	(630, 4, 9, 3, 5, 0, '2024-10-23 08:51:05', '2024-10-23 08:51:05'),
	(631, 4, 10, 3, 15, 0, '2024-10-23 08:51:05', '2024-10-23 08:51:05'),
	(632, 4, 11, 3, 12, 0, '2024-10-23 08:51:05', '2024-10-23 08:51:05'),
	(633, 4, 12, 3, 14, 0, '2024-10-23 08:51:05', '2024-10-23 08:51:05'),
	(634, 4, 13, 3, 12, 0, '2024-10-23 08:51:05', '2024-10-23 08:51:05'),
	(635, 4, 14, 3, 16, 0, '2024-10-23 08:51:05', '2024-10-23 08:51:05'),
	(636, 4, 15, 3, 8, 0, '2024-10-23 08:51:05', '2024-10-23 08:51:05'),
	(637, 4, 16, 3, 7, 0, '2024-10-23 08:51:05', '2024-10-23 08:51:05'),
	(638, 4, 17, 3, 14, 0, '2024-10-23 08:51:05', '2024-10-23 08:51:05'),
	(639, 4, 18, 3, 11, 0, '2024-10-23 08:51:05', '2024-10-23 08:51:05'),
	(640, 4, 19, 3, 10, 0, '2024-10-23 08:51:05', '2024-10-23 08:51:05'),
	(641, 4, 20, 3, 8, 0, '2024-10-23 08:51:05', '2024-10-23 08:51:05'),
	(642, 4, 21, 3, 12, 0, '2024-10-23 08:51:05', '2024-10-23 08:51:05'),
	(643, 4, 22, 3, 5, 0, '2024-10-23 08:51:05', '2024-10-23 08:51:05'),
	(644, 4, 23, 3, 10, 0, '2024-10-23 08:51:05', '2024-10-23 08:51:05'),
	(645, 4, 24, 3, 10, 0, '2024-10-23 08:51:05', '2024-10-23 08:51:05'),
	(646, 4, 25, 3, 16, 0, '2024-10-23 08:51:05', '2024-10-23 08:51:05'),
	(647, 4, 26, 3, 50, 0, '2024-10-23 08:51:05', '2024-10-23 08:51:05'),
	(648, 4, 27, 3, 24, 0, '2024-10-23 08:51:05', '2024-10-23 08:51:05'),
	(649, 4, 1, 4, 0, 0, '2024-10-23 08:53:06', '2024-10-23 08:53:06'),
	(650, 4, 2, 4, 4, 0, '2024-10-23 08:53:06', '2024-10-23 08:53:06'),
	(651, 4, 3, 4, 1, 0, '2024-10-23 08:53:06', '2024-10-23 08:53:06'),
	(652, 4, 4, 4, 2, 0, '2024-10-23 08:53:06', '2024-10-23 08:53:06'),
	(653, 4, 5, 4, 4, 0, '2024-10-23 08:53:06', '2024-10-23 08:53:06'),
	(654, 4, 6, 4, 2, 0, '2024-10-23 08:53:06', '2024-10-23 08:53:06'),
	(655, 4, 7, 4, 16, 0, '2024-10-23 08:53:06', '2024-10-23 08:53:06'),
	(656, 4, 8, 4, 1, 0, '2024-10-23 08:53:06', '2024-10-23 08:53:06'),
	(657, 4, 9, 4, 10, 0, '2024-10-23 08:53:06', '2024-10-23 08:53:06'),
	(658, 4, 10, 4, 5, 0, '2024-10-23 08:53:06', '2024-10-23 08:53:06'),
	(659, 4, 11, 4, 10, 0, '2024-10-23 08:53:06', '2024-10-23 08:53:06'),
	(660, 4, 12, 4, 8, 0, '2024-10-23 08:53:06', '2024-10-23 08:53:06'),
	(661, 4, 13, 4, 10, 0, '2024-10-23 08:53:06', '2024-10-23 08:53:06'),
	(662, 4, 14, 4, 10, 0, '2024-10-23 08:53:06', '2024-10-23 08:53:06'),
	(663, 4, 15, 4, 16, 0, '2024-10-23 08:53:06', '2024-10-23 08:53:06'),
	(664, 4, 16, 4, 0, 0, '2024-10-23 08:53:06', '2024-10-23 08:53:06'),
	(665, 4, 17, 4, 4, 0, '2024-10-23 08:53:06', '2024-10-23 08:53:06'),
	(666, 4, 18, 4, 0, 0, '2024-10-23 08:53:06', '2024-10-23 08:53:06'),
	(667, 4, 19, 4, 4, 0, '2024-10-23 08:53:06', '2024-10-23 08:53:06'),
	(668, 4, 20, 4, 0, 0, '2024-10-23 08:53:06', '2024-10-23 08:53:06'),
	(669, 4, 21, 4, 1, 0, '2024-10-23 08:53:06', '2024-10-23 08:53:06'),
	(670, 4, 22, 4, 0, 0, '2024-10-23 08:53:06', '2024-10-23 08:53:06'),
	(671, 4, 23, 4, 10, 0, '2024-10-23 08:53:06', '2024-10-23 08:53:06'),
	(672, 4, 24, 4, 8, 0, '2024-10-23 08:53:06', '2024-10-23 08:53:06'),
	(673, 4, 25, 4, 12, 0, '2024-10-23 08:53:06', '2024-10-23 08:53:06'),
	(674, 4, 26, 4, 6, 0, '2024-10-23 08:53:06', '2024-10-23 08:53:06'),
	(675, 4, 27, 4, 10, 0, '2024-10-23 08:53:06', '2024-10-23 08:53:06'),
	(676, 4, 1, 5, 32, 0, '2024-10-23 09:00:41', '2024-10-23 09:00:41'),
	(677, 4, 2, 5, 35, 1, '2024-10-23 09:00:41', '2024-10-23 09:00:41'),
	(678, 4, 3, 5, 136, 2, '2024-10-23 09:00:41', '2024-10-23 09:00:41'),
	(679, 4, 4, 5, 93, 2, '2024-10-23 09:00:41', '2024-10-23 09:00:41'),
	(680, 4, 5, 5, 140, 7, '2024-10-23 09:00:41', '2024-10-23 09:00:41'),
	(681, 4, 6, 5, 114, 5, '2024-10-23 09:00:41', '2024-10-23 09:00:41'),
	(682, 4, 7, 5, 86, 2, '2024-10-23 09:00:41', '2024-10-23 09:00:41'),
	(683, 4, 8, 5, 104, 3, '2024-10-23 09:00:41', '2024-10-23 09:00:41'),
	(684, 4, 9, 5, 132, 3, '2024-10-23 09:00:41', '2024-10-23 09:00:41'),
	(685, 4, 10, 5, 228, 4, '2024-10-23 09:00:41', '2024-10-23 09:00:41'),
	(686, 4, 11, 5, 84, 1, '2024-10-23 09:00:41', '2024-10-23 09:00:41'),
	(687, 4, 12, 5, 105, 7, '2024-10-23 09:00:41', '2024-10-23 09:00:41'),
	(688, 4, 13, 5, 647, 20, '2024-10-23 09:00:41', '2024-10-23 09:00:41'),
	(689, 4, 14, 5, 104, 2, '2024-10-23 09:00:41', '2024-10-23 09:00:41'),
	(690, 4, 15, 5, 91, 2, '2024-10-23 09:00:41', '2024-10-23 09:00:41'),
	(691, 4, 16, 5, 71, 0, '2024-10-23 09:00:41', '2024-10-23 09:00:41'),
	(692, 4, 17, 5, 121, 1, '2024-10-23 09:00:41', '2024-10-23 09:00:41'),
	(693, 4, 18, 5, 149, 4, '2024-10-23 09:00:41', '2024-10-23 09:00:41'),
	(694, 4, 19, 5, 61, 2, '2024-10-23 09:00:41', '2024-10-23 09:00:41'),
	(695, 4, 20, 5, 92, 0, '2024-10-23 09:00:41', '2024-10-23 09:00:41'),
	(696, 4, 21, 5, 74, 6, '2024-10-23 09:00:41', '2024-10-23 09:00:41'),
	(697, 4, 22, 5, 52, 4, '2024-10-23 09:00:41', '2024-10-23 09:00:41'),
	(698, 4, 23, 5, 45, 2, '2024-10-23 09:00:41', '2024-10-23 09:00:41'),
	(699, 4, 24, 5, 69, 3, '2024-10-23 09:00:41', '2024-10-23 09:00:41'),
	(700, 4, 25, 5, 54, 3, '2024-10-23 09:00:41', '2024-10-23 09:00:41'),
	(701, 4, 26, 5, 207, 3, '2024-10-23 09:00:41', '2024-10-23 09:00:41'),
	(702, 4, 27, 5, 107, 1, '2024-10-23 09:00:41', '2024-10-23 09:00:41'),
	(703, 4, 1, 6, 0, 0, '2024-10-23 09:02:45', '2024-10-23 09:02:45'),
	(704, 4, 2, 6, 1, 1, '2024-10-23 09:02:45', '2024-10-23 09:02:45'),
	(705, 4, 3, 6, 0, 0, '2024-10-23 09:02:45', '2024-10-23 09:02:45'),
	(706, 4, 4, 6, 5, 0, '2024-10-23 09:02:45', '2024-10-23 09:02:45'),
	(707, 4, 5, 6, 0, 0, '2024-10-23 09:02:45', '2024-10-23 09:02:45'),
	(708, 4, 6, 6, 9, 0, '2024-10-23 09:02:45', '2024-10-23 09:02:45'),
	(709, 4, 7, 6, 2, 1, '2024-10-23 09:02:45', '2024-10-23 09:02:45'),
	(710, 4, 8, 6, 5, 5, '2024-10-23 09:02:45', '2024-10-23 09:02:45'),
	(711, 4, 9, 6, 3, 2, '2024-10-23 09:02:45', '2024-10-23 09:02:45'),
	(712, 4, 10, 6, 9, 9, '2024-10-23 09:02:45', '2024-10-23 09:02:45'),
	(713, 4, 11, 6, 0, 0, '2024-10-23 09:02:45', '2024-10-23 09:02:45'),
	(714, 4, 12, 6, 0, 0, '2024-10-23 09:02:45', '2024-10-23 09:02:45'),
	(715, 4, 13, 6, 0, 0, '2024-10-23 09:02:45', '2024-10-23 09:02:45'),
	(716, 4, 14, 6, 4, 1, '2024-10-23 09:02:45', '2024-10-23 09:02:45'),
	(717, 4, 15, 6, 0, 0, '2024-10-23 09:02:45', '2024-10-23 09:02:45'),
	(718, 4, 16, 6, 0, 0, '2024-10-23 09:02:45', '2024-10-23 09:02:45'),
	(719, 4, 17, 6, 4, 1, '2024-10-23 09:02:45', '2024-10-23 09:02:45'),
	(720, 4, 18, 6, 0, 0, '2024-10-23 09:02:45', '2024-10-23 09:02:45'),
	(721, 4, 19, 6, 0, 0, '2024-10-23 09:02:45', '2024-10-23 09:02:45'),
	(722, 4, 20, 6, 0, 0, '2024-10-23 09:02:45', '2024-10-23 09:02:45'),
	(723, 4, 21, 6, 2, 1, '2024-10-23 09:02:45', '2024-10-23 09:02:45'),
	(724, 4, 22, 6, 3, 2, '2024-10-23 09:02:45', '2024-10-23 09:02:45'),
	(725, 4, 23, 6, 1, 0, '2024-10-23 09:02:45', '2024-10-23 09:02:45'),
	(726, 4, 24, 6, 0, 0, '2024-10-23 09:02:45', '2024-10-23 09:02:45'),
	(727, 4, 25, 6, 0, 0, '2024-10-23 09:02:45', '2024-10-23 09:02:45'),
	(728, 4, 26, 6, 2, 3, '2024-10-23 09:02:45', '2024-10-23 09:02:45'),
	(729, 4, 27, 6, 3, 2, '2024-10-23 09:02:45', '2024-10-23 09:02:45'),
	(730, 4, 1, 7, 1, 0, '2024-10-23 09:04:28', '2024-10-23 09:04:28'),
	(731, 4, 2, 7, 0, 0, '2024-10-23 09:04:28', '2024-10-23 09:04:28'),
	(732, 4, 3, 7, 1, 0, '2024-10-23 09:04:28', '2024-10-23 09:04:28'),
	(733, 4, 4, 7, 1, 0, '2024-10-23 09:04:28', '2024-10-23 09:04:28'),
	(734, 4, 5, 7, 1, 0, '2024-10-23 09:04:28', '2024-10-23 09:04:28'),
	(735, 4, 6, 7, 0, 0, '2024-10-23 09:04:28', '2024-10-23 09:04:28'),
	(736, 4, 7, 7, 0, 0, '2024-10-23 09:04:28', '2024-10-23 09:04:28'),
	(737, 4, 8, 7, 1, 0, '2024-10-23 09:04:28', '2024-10-23 09:04:28'),
	(738, 4, 9, 7, 0, 0, '2024-10-23 09:04:28', '2024-10-23 09:04:28'),
	(739, 4, 10, 7, 4, 0, '2024-10-23 09:04:28', '2024-10-23 09:04:28'),
	(740, 4, 11, 7, 1, 0, '2024-10-23 09:04:28', '2024-10-23 09:04:28'),
	(741, 4, 12, 7, 11, 0, '2024-10-23 09:04:28', '2024-10-23 09:04:28'),
	(742, 4, 13, 7, 4, 0, '2024-10-23 09:04:28', '2024-10-23 09:04:28'),
	(743, 4, 14, 7, 0, 0, '2024-10-23 09:04:28', '2024-10-23 09:04:28'),
	(744, 4, 15, 7, 0, 0, '2024-10-23 09:04:28', '2024-10-23 09:04:28'),
	(745, 4, 16, 7, 2, 0, '2024-10-23 09:04:28', '2024-10-23 09:04:28'),
	(746, 4, 17, 7, 0, 0, '2024-10-23 09:04:28', '2024-10-23 09:04:28'),
	(747, 4, 18, 7, 0, 0, '2024-10-23 09:04:28', '2024-10-23 09:04:28'),
	(748, 4, 19, 7, 0, 0, '2024-10-23 09:04:28', '2024-10-23 09:04:28'),
	(749, 4, 20, 7, 3, 0, '2024-10-23 09:04:28', '2024-10-23 09:04:28'),
	(750, 4, 21, 7, 1, 0, '2024-10-23 09:04:28', '2024-10-23 09:04:28'),
	(751, 4, 22, 7, 2, 0, '2024-10-23 09:04:28', '2024-10-23 09:04:28'),
	(752, 4, 23, 7, 1, 0, '2024-10-23 09:04:28', '2024-10-23 09:04:28'),
	(753, 4, 24, 7, 5, 0, '2024-10-23 09:04:28', '2024-10-23 09:04:28'),
	(754, 4, 25, 7, 7, 0, '2024-10-23 09:04:28', '2024-10-23 09:04:28'),
	(755, 4, 26, 7, 57, 0, '2024-10-23 09:04:28', '2024-10-23 09:04:28'),
	(756, 4, 27, 7, 74, 0, '2024-10-23 09:04:28', '2024-10-23 09:04:28'),
	(757, 1, 1, 1, 1, 0, '2025-03-23 16:31:01', '2025-03-23 16:31:01'),
	(758, 1, 2, 1, 1, 0, '2025-03-23 16:33:42', '2025-03-23 16:33:42'),
	(759, 1, 3, 1, 4, 0, '2025-03-23 16:34:13', '2025-03-23 16:34:13'),
	(760, 1, 4, 1, 4, 0, '2025-03-23 16:34:28', '2025-03-23 16:34:28'),
	(761, 1, 5, 1, 5, 0, '2025-03-23 16:34:41', '2025-03-23 16:34:41'),
	(762, 1, 6, 1, 3, 0, '2025-03-23 16:34:55', '2025-03-23 16:34:55'),
	(763, 1, 7, 1, 3, 0, '2025-03-23 16:35:12', '2025-03-23 16:35:12'),
	(764, 1, 8, 1, 6, 0, '2025-03-23 16:35:35', '2025-03-23 16:35:35'),
	(765, 1, 9, 1, 0, 0, '2025-03-23 16:36:02', '2025-03-23 16:36:02'),
	(766, 1, 10, 1, 18, 0, '2025-03-23 16:36:22', '2025-03-23 16:36:22'),
	(767, 1, 11, 1, 7, 0, '2025-03-23 16:36:44', '2025-03-23 16:36:44'),
	(768, 1, 12, 1, 3, 0, '2025-03-23 16:36:59', '2025-03-23 16:36:59'),
	(769, 1, 13, 1, 10, 0, '2025-03-23 16:37:14', '2025-03-23 16:37:14'),
	(770, 1, 14, 1, 3, 0, '2025-03-23 16:37:27', '2025-03-23 16:37:27'),
	(771, 1, 15, 1, 0, 0, '2025-03-23 16:37:44', '2025-03-23 16:37:44'),
	(772, 1, 16, 1, 8, 0, '2025-03-23 16:38:10', '2025-03-23 16:38:10'),
	(773, 1, 17, 1, 3, 0, '2025-03-23 16:39:02', '2025-03-23 16:39:02'),
	(774, 1, 18, 1, 4, 0, '2025-03-23 16:39:14', '2025-03-23 16:39:14'),
	(775, 1, 19, 1, 3, 0, '2025-03-23 16:39:34', '2025-03-23 16:39:34'),
	(776, 1, 20, 1, 4, 0, '2025-03-23 16:39:54', '2025-03-23 16:39:54'),
	(777, 1, 21, 1, 5, 0, '2025-03-23 16:40:27', '2025-03-23 16:40:27'),
	(778, 1, 22, 1, 0, 0, '2025-03-23 16:40:44', '2025-03-23 16:40:44'),
	(779, 1, 23, 1, 1, 0, '2025-03-23 16:40:58', '2025-03-23 16:40:58'),
	(780, 1, 24, 1, 1, 0, '2025-03-23 16:41:21', '2025-03-23 16:41:21'),
	(781, 1, 25, 1, 3, 0, '2025-03-23 16:41:38', '2025-03-23 16:41:38'),
	(782, 1, 26, 1, 11, 0, '2025-03-23 16:41:53', '2025-03-23 16:41:53'),
	(783, 1, 27, 1, 1, 0, '2025-03-23 16:42:33', '2025-03-23 16:42:33'),
	(784, 2, 1, 1, 3, 0, '2025-03-24 00:01:17', '2025-03-24 00:01:17'),
	(785, 2, 2, 1, 0, 0, '2025-03-24 00:01:17', '2025-03-24 00:01:17'),
	(786, 2, 3, 1, 2, 0, '2025-03-24 00:01:17', '2025-03-24 00:01:17'),
	(787, 2, 4, 1, 33, 0, '2025-03-24 00:01:17', '2025-03-24 00:01:17'),
	(788, 2, 5, 1, 15, 0, '2025-03-24 00:01:17', '2025-03-24 00:01:17'),
	(789, 2, 6, 1, 9, 0, '2025-03-24 00:01:17', '2025-03-24 00:01:17'),
	(790, 2, 7, 1, 4, 0, '2025-03-24 00:01:17', '2025-03-24 00:01:17'),
	(791, 2, 8, 1, 2, 0, '2025-03-24 00:01:17', '2025-03-24 00:01:17'),
	(792, 2, 9, 1, 1, 0, '2025-03-24 00:01:17', '2025-03-24 00:01:17'),
	(793, 2, 10, 1, 37, 0, '2025-03-24 00:01:17', '2025-03-24 00:01:17'),
	(794, 2, 11, 1, 10, 0, '2025-03-24 00:01:17', '2025-03-24 00:01:17'),
	(795, 2, 12, 1, 7, 0, '2025-03-24 00:01:17', '2025-03-24 00:01:17'),
	(796, 2, 13, 1, 16, 0, '2025-03-24 00:01:17', '2025-03-24 00:01:17'),
	(797, 2, 14, 1, 20, 0, '2025-03-24 00:01:17', '2025-03-24 00:01:17'),
	(798, 2, 15, 1, 8, 0, '2025-03-24 00:01:17', '2025-03-24 00:01:17'),
	(799, 2, 16, 1, 14, 0, '2025-03-24 00:01:17', '2025-03-24 00:01:17'),
	(800, 2, 17, 1, 8, 0, '2025-03-24 00:01:17', '2025-03-24 00:01:17'),
	(801, 2, 18, 1, 5, 0, '2025-03-24 00:01:17', '2025-03-24 00:01:17'),
	(802, 2, 19, 1, 1, 0, '2025-03-24 00:01:17', '2025-03-24 00:01:17'),
	(803, 2, 20, 1, 6, 0, '2025-03-24 00:01:17', '2025-03-24 00:01:17'),
	(804, 2, 21, 1, 5, 0, '2025-03-24 00:01:17', '2025-03-24 00:01:17'),
	(805, 2, 22, 1, 7, 0, '2025-03-24 00:01:17', '2025-03-24 00:01:17'),
	(806, 2, 23, 1, 3, 0, '2025-03-24 00:01:17', '2025-03-24 00:01:17'),
	(807, 2, 24, 1, 3, 0, '2025-03-24 00:01:17', '2025-03-24 00:01:17'),
	(808, 2, 25, 1, 2, 0, '2025-03-24 00:01:17', '2025-03-24 00:01:17'),
	(809, 2, 26, 1, 21, 0, '2025-03-24 00:01:17', '2025-03-24 00:01:17'),
	(810, 2, 27, 1, 17, 0, '2025-03-24 00:01:17', '2025-03-24 00:01:17'),
	(811, 3, 1, 1, 1, 0, '2025-03-24 00:03:43', '2025-03-24 00:03:43'),
	(812, 3, 2, 1, 1, 0, '2025-03-24 00:03:43', '2025-03-24 00:03:43'),
	(813, 3, 3, 1, 1, 0, '2025-03-24 00:03:43', '2025-03-24 00:03:43'),
	(814, 3, 4, 1, 27, 0, '2025-03-24 00:03:43', '2025-03-24 00:03:43'),
	(815, 3, 5, 1, 36, 0, '2025-03-24 00:03:43', '2025-03-24 00:03:43'),
	(816, 3, 6, 1, 3, 0, '2025-03-24 00:03:43', '2025-03-24 00:03:43'),
	(817, 3, 7, 1, 9, 0, '2025-03-24 00:03:43', '2025-03-24 00:03:43'),
	(818, 3, 8, 1, 1, 0, '2025-03-24 00:03:43', '2025-03-24 00:03:43'),
	(819, 3, 9, 1, 2, 0, '2025-03-24 00:03:43', '2025-03-24 00:03:43'),
	(820, 3, 10, 1, 49, 0, '2025-03-24 00:03:43', '2025-03-24 00:03:43'),
	(821, 3, 11, 1, 15, 0, '2025-03-24 00:03:43', '2025-03-24 00:03:43'),
	(822, 3, 12, 1, 31, 0, '2025-03-24 00:03:43', '2025-03-24 00:03:43'),
	(823, 3, 13, 1, 32, 0, '2025-03-24 00:03:43', '2025-03-24 00:03:43'),
	(824, 3, 14, 1, 8, 0, '2025-03-24 00:03:43', '2025-03-24 00:03:43'),
	(825, 3, 15, 1, 7, 0, '2025-03-24 00:03:43', '2025-03-24 00:03:43'),
	(826, 3, 16, 1, 27, 1, '2025-03-24 00:03:43', '2025-03-24 00:03:43'),
	(827, 3, 17, 1, 22, 0, '2025-03-24 00:03:43', '2025-03-24 00:03:43'),
	(828, 3, 18, 1, 48, 0, '2025-03-24 00:03:43', '2025-03-24 00:03:43'),
	(829, 3, 19, 1, 5, 0, '2025-03-24 00:03:43', '2025-03-24 00:03:43'),
	(830, 3, 20, 1, 7, 0, '2025-03-24 00:03:43', '2025-03-24 00:03:43'),
	(831, 3, 21, 1, 35, 0, '2025-03-24 00:03:43', '2025-03-24 00:03:43'),
	(832, 3, 22, 1, 4, 0, '2025-03-24 00:03:43', '2025-03-24 00:03:43'),
	(833, 3, 23, 1, 4, 0, '2025-03-24 00:03:43', '2025-03-24 00:03:43'),
	(834, 3, 24, 1, 8, 0, '2025-03-24 00:03:43', '2025-03-24 00:03:43'),
	(835, 3, 25, 1, 0, 0, '2025-03-24 00:03:43', '2025-03-24 00:03:43'),
	(836, 3, 26, 1, 19, 0, '2025-03-24 00:03:43', '2025-03-24 00:03:43'),
	(837, 3, 27, 1, 14, 0, '2025-03-24 00:03:43', '2025-03-24 00:03:43'),
	(838, 4, 1, 1, 5, 0, '2025-03-24 00:06:16', '2025-03-24 00:06:16'),
	(839, 4, 2, 1, 6, 0, '2025-03-24 00:06:16', '2025-03-24 00:06:16'),
	(840, 4, 3, 1, 15, 0, '2025-03-24 00:06:16', '2025-03-24 00:06:16'),
	(841, 4, 4, 1, 9, 0, '2025-03-24 00:06:16', '2025-03-24 00:06:16'),
	(842, 4, 5, 1, 5, 0, '2025-03-24 00:06:16', '2025-03-24 00:06:16'),
	(843, 4, 6, 1, 5, 0, '2025-03-24 00:06:16', '2025-03-24 00:06:16'),
	(844, 4, 7, 1, 8, 0, '2025-03-24 00:06:16', '2025-03-24 00:06:16'),
	(845, 4, 8, 1, 1, 0, '2025-03-24 00:06:16', '2025-03-24 00:06:16'),
	(846, 4, 9, 1, 2, 0, '2025-03-24 00:06:16', '2025-03-24 00:06:16'),
	(847, 4, 10, 1, 5, 0, '2025-03-24 00:06:16', '2025-03-24 00:06:16'),
	(848, 4, 11, 1, 5, 0, '2025-03-24 00:06:16', '2025-03-24 00:06:16'),
	(849, 4, 12, 1, 12, 0, '2025-03-24 00:06:16', '2025-03-24 00:06:16'),
	(850, 4, 13, 1, 33, 0, '2025-03-24 00:06:16', '2025-03-24 17:58:37'),
	(851, 4, 14, 1, 6, 0, '2025-03-24 00:06:16', '2025-03-24 00:06:16'),
	(852, 4, 15, 1, 0, 0, '2025-03-24 00:06:16', '2025-03-24 00:06:16'),
	(853, 4, 16, 1, 17, 0, '2025-03-24 00:06:16', '2025-03-24 00:06:16'),
	(854, 4, 17, 1, 8, 0, '2025-03-24 00:06:16', '2025-03-24 00:06:16'),
	(855, 4, 18, 1, 8, 0, '2025-03-24 00:06:16', '2025-03-24 00:06:16'),
	(856, 4, 19, 1, 5, 0, '2025-03-24 00:06:16', '2025-03-24 00:06:16'),
	(857, 4, 20, 1, 4, 0, '2025-03-24 00:06:16', '2025-03-24 00:06:16'),
	(858, 4, 21, 1, 6, 0, '2025-03-24 00:06:16', '2025-03-24 00:06:16'),
	(859, 4, 22, 1, 1, 0, '2025-03-24 00:06:16', '2025-03-24 00:06:16'),
	(860, 4, 23, 1, 9, 0, '2025-03-24 00:06:16', '2025-03-24 00:06:16'),
	(861, 4, 24, 1, 2, 0, '2025-03-24 00:06:16', '2025-03-24 00:06:16'),
	(862, 4, 25, 1, 1, 0, '2025-03-24 00:06:16', '2025-03-24 00:06:16'),
	(863, 4, 26, 1, 5, 0, '2025-03-24 00:06:16', '2025-03-24 00:06:16'),
	(864, 4, 27, 1, 10, 0, '2025-03-24 00:06:16', '2025-03-24 00:06:16');

-- Dumping structure for table pa_maps1.kecamatans
CREATE TABLE IF NOT EXISTS `kecamatans` (
  `id` bigint unsigned NOT NULL AUTO_INCREMENT,
  `nama_kecamatan` varchar(255) CHARACTER SET utf8mb4 COLLATE utf8mb4_general_ci NOT NULL,
  `created_at` timestamp NULL DEFAULT NULL,
  `updated_at` timestamp NULL DEFAULT NULL,
  PRIMARY KEY (`id`),
  UNIQUE KEY `nama_kecamatan` (`nama_kecamatan`)
) ENGINE=InnoDB AUTO_INCREMENT=32 DEFAULT CHARSET=utf8mb4 COLLATE=utf8mb4_unicode_ci;

-- Dumping data for table pa_maps1.kecamatans: ~27 rows (approximately)
INSERT INTO `kecamatans` (`id`, `nama_kecamatan`, `created_at`, `updated_at`) VALUES
	(1, 'Sukorame', '2024-08-12 08:12:41', '2024-08-12 08:12:43'),
	(2, 'Bluluk', '2024-08-12 08:12:52', '2024-08-12 08:12:53'),
	(3, 'Ngimbang', '2024-08-12 08:13:01', '2024-08-12 08:13:02'),
	(4, 'Sambeng', '2024-08-12 08:13:12', '2024-08-12 08:13:12'),
	(5, 'Mantup', '2024-08-12 08:13:21', '2024-08-12 08:13:22'),
	(6, 'Kembangbahu', '2024-08-12 08:13:33', '2024-08-12 08:13:34'),
	(7, 'Sugio', '2024-08-12 08:14:07', '2024-08-12 08:14:08'),
	(8, 'Kedungpring', '2024-08-12 08:14:19', '2024-08-12 08:14:20'),
	(9, 'Modo', '2024-08-12 08:14:29', '2024-08-12 08:14:30'),
	(10, 'Babat', '2024-08-12 08:14:39', '2024-08-12 08:14:40'),
	(11, 'Pucuk', '2024-08-12 08:14:48', '2024-08-12 08:14:49'),
	(12, 'Sukodadi', '2024-08-12 08:15:00', '2024-08-12 08:15:01'),
	(13, 'Lamongan', '2024-08-12 08:15:12', '2024-08-12 08:15:13'),
	(14, 'Tikung', '2024-08-12 08:15:25', '2024-08-12 08:15:26'),
	(15, 'Sarirejo', '2024-08-12 08:15:49', '2024-08-12 08:15:50'),
	(16, 'Deket', '2024-08-12 08:16:05', '2024-08-12 08:16:06'),
	(17, 'Glagah', '2024-08-12 08:16:15', '2024-08-12 08:16:16'),
	(18, 'Karangbinangun', '2024-08-12 08:16:31', '2024-08-12 08:16:32'),
	(19, 'Kalitengah', '2024-08-12 08:16:44', '2024-08-12 08:16:45'),
	(20, 'Turi', '2024-08-12 08:16:57', '2024-08-12 08:16:57'),
	(21, 'Karanggeneng', '2024-08-12 08:17:10', '2024-08-12 08:17:54'),
	(22, 'Sekaran', '2024-08-12 08:18:12', '2024-08-12 08:18:13'),
	(23, 'Maduran', '2024-08-12 08:18:29', '2024-08-12 08:18:30'),
	(24, 'Laren', '2024-08-13 12:53:56', '2024-08-13 12:53:57'),
	(25, 'Solokuro', '2024-08-12 08:19:00', '2024-08-12 08:19:01'),
	(26, 'Paciran', '2024-08-12 08:19:16', '2024-08-12 08:19:17'),
	(27, 'Brondong', '2024-08-12 08:19:27', '2024-08-12 08:19:27');

-- Dumping structure for table pa_maps1.maps_penyakits
CREATE TABLE IF NOT EXISTS `maps_penyakits` (
  `id` bigint unsigned NOT NULL AUTO_INCREMENT,
  `tahun_id` bigint unsigned NOT NULL,
  `penyakit_id` bigint unsigned NOT NULL,
  `link_metabase` varchar(255) COLLATE utf8mb4_unicode_ci NOT NULL,
  `created_at` timestamp NULL DEFAULT NULL,
  `updated_at` timestamp NULL DEFAULT NULL,
  PRIMARY KEY (`id`),
  KEY `maps_penyakits_tahun_id_foreign` (`tahun_id`),
  KEY `maps_penyakits_penyakit_id_foreign` (`penyakit_id`),
  CONSTRAINT `maps_penyakits_penyakit_id_foreign` FOREIGN KEY (`penyakit_id`) REFERENCES `penyakits` (`id`) ON DELETE CASCADE,
  CONSTRAINT `maps_penyakits_tahun_id_foreign` FOREIGN KEY (`tahun_id`) REFERENCES `tahuns` (`id`) ON DELETE CASCADE
) ENGINE=InnoDB AUTO_INCREMENT=30 DEFAULT CHARSET=utf8mb4 COLLATE=utf8mb4_unicode_ci;

-- Dumping data for table pa_maps1.maps_penyakits: ~28 rows (approximately)
INSERT INTO `maps_penyakits` (`id`, `tahun_id`, `penyakit_id`, `link_metabase`, `created_at`, `updated_at`) VALUES
	(1, 1, 1, 'http://localhost:3000/public/question/4b1cf0da-45b2-4188-bf58-d823c6fab5a2', '2025-03-24 00:10:09', '2025-03-24 00:10:12'),
	(2, 1, 2, 'http://localhost:3000/public/question/7dae4157-2bb8-4a82-b7f4-34697efcd7f8', '2024-08-17 15:04:46', '2025-03-20 21:15:58'),
	(3, 1, 3, 'http://localhost:3000/public/question/f79a6428-2c0b-4a34-ada6-d6a75867dfe6', '2024-08-17 15:05:07', '2025-03-20 21:21:19'),
	(4, 1, 4, 'http://localhost:3000/public/question/441011ac-f48f-43b6-8c64-6a3964afb714', '2024-08-17 15:05:28', '2025-03-20 22:35:10'),
	(5, 1, 5, 'http://localhost:3000/public/question/4e3c74c7-3b47-403b-b046-b0943a595c1d', '2024-08-17 15:57:27', '2025-03-24 17:38:36'),
	(6, 1, 6, 'http://localhost:3000/public/question/d6e3f528-7fd5-46e3-8581-0a56c0a64e56', '2024-08-17 16:02:46', '2025-04-08 21:29:42'),
	(7, 1, 7, 'http://localhost:3000/public/question/fff005d8-0dd4-448b-9661-d4873a9a0739', '2024-08-17 16:06:02', '2025-04-08 21:44:47'),
	(8, 2, 1, 'http://localhost:3000/public/question/f66af1b2-1570-459b-af7f-18ab85140ca1', '2025-03-24 00:10:35', '2025-03-24 17:55:19'),
	(9, 2, 2, '', '2024-08-17 16:33:02', '2024-11-01 00:21:06'),
	(10, 2, 3, '', '2024-08-17 16:33:32', '2024-11-01 00:21:22'),
	(11, 2, 4, '', '2024-08-17 16:38:39', '2024-11-01 00:21:36'),
	(12, 2, 5, '', '2024-08-17 16:45:06', '2024-11-01 00:21:54'),
	(13, 2, 6, '', '2024-08-17 16:46:27', '2024-11-01 00:22:12'),
	(14, 2, 7, '', '2024-08-17 16:51:15', '2024-11-01 00:22:25'),
	(15, 3, 1, '', '2025-03-24 00:11:25', '2025-03-24 00:11:27'),
	(16, 3, 2, '', '2024-08-17 16:59:14', '2025-02-20 06:05:11'),
	(17, 3, 3, '', '2024-08-17 17:03:25', '2024-08-17 17:03:27'),
	(18, 3, 4, '', '2024-08-17 17:04:31', '2024-08-17 17:04:33'),
	(19, 3, 5, '', '2024-08-18 03:58:17', '2024-08-18 03:58:19'),
	(20, 3, 6, '', '2024-08-18 04:02:53', '2024-08-18 04:02:52'),
	(21, 3, 7, '', '2024-08-18 04:11:06', '2024-08-18 04:11:08'),
	(22, 4, 1, 'http://localhost:3000/public/question/4b14f46f-c86c-4778-9139-1c5fb6a5816d', '2025-03-24 00:11:56', '2025-03-24 17:57:03'),
	(23, 4, 2, 'http://localhost:3000/public/question/104e3dba-199f-450b-8c04-18a19c3aa2ab', '2024-10-31 02:31:35', '2025-04-07 22:31:57'),
	(24, 4, 3, 'http://localhost:3000/public/question/f637d9fc-0148-480d-a358-44cafdd91c68', '2024-10-31 02:31:35', '2025-04-08 21:52:52'),
	(25, 4, 4, '', '2024-10-31 02:31:35', '2024-10-31 02:31:35'),
	(26, 4, 5, '', '2024-10-31 02:31:35', '2024-10-31 02:31:35'),
	(27, 4, 6, '', '2024-10-31 02:31:35', '2024-10-31 02:31:35'),
	(29, 4, 7, '', '2024-10-30 20:09:34', '2024-10-30 20:09:34');

-- Dumping structure for table pa_maps1.migrations
CREATE TABLE IF NOT EXISTS `migrations` (
  `id` int unsigned NOT NULL AUTO_INCREMENT,
  `migration` varchar(255) COLLATE utf8mb4_unicode_ci NOT NULL,
  `batch` int NOT NULL,
  PRIMARY KEY (`id`)
) ENGINE=InnoDB AUTO_INCREMENT=20 DEFAULT CHARSET=utf8mb4 COLLATE=utf8mb4_unicode_ci;

-- Dumping data for table pa_maps1.migrations: ~15 rows (approximately)
INSERT INTO `migrations` (`id`, `migration`, `batch`) VALUES
	(1, '2014_10_12_000000_create_users_table', 1),
	(2, '2014_10_12_100000_create_password_reset_tokens_table', 1),
	(3, '2019_08_19_000000_create_failed_jobs_table', 1),
	(4, '2019_12_14_000001_create_personal_access_tokens_table', 1),
	(5, '2024_08_12_043335_create_tahuns_table', 2),
	(6, '2024_08_12_043402_create_penyakits_table', 2),
	(7, '2024_08_12_043435_create_kecamatans_table', 2),
	(8, '2024_08_12_043647_create_penduduks_table', 2),
	(9, '2024_08_12_044228_create_kasus_penyakits_table', 2),
	(11, '2024_08_17_150304_create_maps_penyakits_table', 3),
	(12, '2024_08_18_041604_add_column_to_tahuns_table', 4),
	(15, '2024_10_31_070950_add_link_metabase_to_penyakits_table', 5),
	(16, '2025_03_23_125658_add_column_to_penyakits_table', 6),
	(17, '2025_04_08_065609_create_abouts_table', 7),
	(19, '2025_04_08_085456_add_column_to_kasus_penyakits_table', 8);

-- Dumping structure for table pa_maps1.password_reset_tokens
CREATE TABLE IF NOT EXISTS `password_reset_tokens` (
  `email` varchar(255) COLLATE utf8mb4_unicode_ci NOT NULL,
  `token` varchar(255) COLLATE utf8mb4_unicode_ci NOT NULL,
  `created_at` timestamp NULL DEFAULT NULL,
  PRIMARY KEY (`email`)
) ENGINE=InnoDB DEFAULT CHARSET=utf8mb4 COLLATE=utf8mb4_unicode_ci;

-- Dumping data for table pa_maps1.password_reset_tokens: ~0 rows (approximately)

-- Dumping structure for table pa_maps1.penduduks
CREATE TABLE IF NOT EXISTS `penduduks` (
  `id` bigint unsigned NOT NULL AUTO_INCREMENT,
  `tahun_id` bigint unsigned NOT NULL,
  `kecamatan_id` bigint unsigned NOT NULL,
  `jumlah_penduduk` int NOT NULL,
  `created_at` timestamp NULL DEFAULT NULL,
  `updated_at` timestamp NULL DEFAULT NULL,
  PRIMARY KEY (`id`),
  UNIQUE KEY `tahun_id` (`tahun_id`,`kecamatan_id`),
  KEY `penduduks_kecamatan_id_foreign` (`kecamatan_id`),
  CONSTRAINT `penduduks_kecamatan_id_foreign` FOREIGN KEY (`kecamatan_id`) REFERENCES `kecamatans` (`id`) ON DELETE CASCADE,
  CONSTRAINT `penduduks_tahun_id_foreign` FOREIGN KEY (`tahun_id`) REFERENCES `tahuns` (`id`) ON DELETE CASCADE
) ENGINE=InnoDB AUTO_INCREMENT=111 DEFAULT CHARSET=utf8mb4 COLLATE=utf8mb4_unicode_ci;

-- Dumping data for table pa_maps1.penduduks: ~108 rows (approximately)
INSERT INTO `penduduks` (`id`, `tahun_id`, `kecamatan_id`, `jumlah_penduduk`, `created_at`, `updated_at`) VALUES
	(1, 1, 1, 20447, '2024-08-13 08:09:20', '2024-08-13 05:18:03'),
	(2, 1, 2, 22318, '2024-08-13 01:37:14', '2024-08-13 05:21:43'),
	(3, 1, 3, 46261, '2024-08-13 05:22:03', '2024-08-13 05:22:03'),
	(4, 1, 4, 46816, '2024-08-13 05:22:38', '2024-08-13 05:22:38'),
	(5, 1, 5, 44314, '2024-08-13 05:23:13', '2024-08-13 05:23:13'),
	(6, 1, 6, 47500, '2024-08-13 05:24:02', '2024-08-13 05:24:02'),
	(7, 1, 7, 53699, '2024-08-13 05:27:54', '2024-08-13 05:27:54'),
	(8, 1, 8, 47618, '2024-08-13 05:28:39', '2024-08-13 05:28:39'),
	(9, 1, 9, 44572, '2024-08-13 12:30:57', '2024-08-13 12:30:58'),
	(10, 1, 10, 74402, '2024-08-13 12:36:37', '2024-08-13 12:36:39'),
	(11, 1, 11, 35179, '2024-08-13 12:36:38', '2024-08-13 12:36:41'),
	(13, 1, 12, 51794, '2024-08-13 05:37:50', '2024-08-13 05:37:50'),
	(14, 1, 13, 71369, '2024-08-13 05:38:12', '2024-08-13 05:38:12'),
	(15, 1, 14, 45254, '2024-08-13 05:44:33', '2024-08-13 05:44:33'),
	(16, 1, 15, 22881, '2024-08-13 05:44:48', '2024-08-13 05:44:48'),
	(17, 1, 16, 43229, '2024-08-13 05:45:07', '2024-08-13 05:45:07'),
	(18, 1, 17, 34425, '2024-08-13 05:45:25', '2024-08-13 05:46:12'),
	(19, 1, 18, 32355, '2024-08-13 05:45:57', '2024-08-13 05:45:57'),
	(20, 1, 19, 29205, '2024-08-13 05:46:39', '2024-08-13 05:46:39'),
	(21, 1, 20, 47733, '2024-08-13 05:47:00', '2024-08-13 05:47:00'),
	(22, 1, 21, 32884, '2024-08-13 05:47:16', '2024-08-13 05:47:16'),
	(23, 1, 22, 28661, '2024-08-13 05:47:37', '2024-08-13 05:47:37'),
	(24, 1, 23, 21351, '2024-08-13 05:48:03', '2024-08-13 05:48:03'),
	(25, 1, 24, 30807, '2024-08-13 05:49:13', '2024-08-13 05:54:56'),
	(26, 1, 25, 42315, '2024-08-13 05:55:16', '2024-08-13 05:55:16'),
	(27, 1, 26, 101416, '2024-08-13 05:55:33', '2024-08-13 05:55:33'),
	(28, 1, 27, 69575, '2024-08-13 05:55:52', '2024-08-13 05:55:52'),
	(29, 2, 1, 20980, '2024-08-13 05:57:22', '2024-08-13 05:57:22'),
	(30, 2, 2, 22386, '2024-08-13 05:57:41', '2024-08-13 05:57:41'),
	(31, 2, 3, 47666, '2024-08-13 05:58:10', '2024-08-13 05:58:10'),
	(32, 2, 4, 49122, '2024-08-13 05:58:38', '2024-08-13 05:58:38'),
	(33, 2, 5, 45479, '2024-08-13 06:19:25', '2024-08-13 06:19:25'),
	(34, 2, 6, 49235, '2024-08-13 06:19:49', '2024-08-13 06:19:49'),
	(35, 2, 7, 54684, '2024-08-13 06:21:31', '2024-08-13 06:21:31'),
	(36, 2, 8, 47577, '2024-08-13 06:23:27', '2024-08-13 06:23:27'),
	(37, 2, 9, 44884, '2024-08-13 06:24:15', '2024-08-13 06:24:15'),
	(38, 2, 10, 76258, '2024-08-13 06:24:42', '2024-08-13 06:24:42'),
	(39, 2, 11, 35338, '2024-08-13 06:25:04', '2024-08-13 06:25:04'),
	(40, 2, 12, 52258, '2024-08-13 06:25:27', '2024-08-13 06:25:27'),
	(41, 2, 13, 72769, '2024-08-13 06:26:36', '2024-08-13 06:26:36'),
	(42, 2, 14, 46599, '2024-08-13 06:30:47', '2024-08-13 06:30:47'),
	(43, 2, 15, 23509, '2024-08-13 06:31:17', '2024-08-13 06:31:17'),
	(44, 2, 16, 44891, '2024-08-13 06:31:36', '2024-08-13 06:31:36'),
	(45, 2, 17, 35282, '2024-08-13 06:32:28', '2024-08-13 06:32:28'),
	(46, 2, 18, 32714, '2024-08-13 06:32:49', '2024-08-13 06:32:49'),
	(47, 2, 19, 29180, '2024-08-13 06:33:08', '2024-08-13 06:33:08'),
	(48, 2, 20, 49010, '2024-08-13 06:35:48', '2024-08-13 06:35:48'),
	(49, 2, 21, 32405, '2024-08-13 06:36:46', '2024-08-13 06:36:46'),
	(50, 2, 22, 27994, '2024-08-13 06:37:08', '2024-08-13 06:37:08'),
	(51, 2, 23, 20695, '2024-08-13 06:37:34', '2024-08-13 06:37:34'),
	(52, 2, 24, 29411, '2024-08-13 06:37:52', '2024-08-13 06:37:52'),
	(53, 2, 25, 40982, '2024-08-13 06:38:13', '2024-08-13 06:38:13'),
	(54, 2, 26, 102431, '2024-08-13 06:38:39', '2024-08-13 06:38:39'),
	(55, 2, 27, 70698, '2024-08-13 06:39:24', '2024-08-13 06:39:24'),
	(56, 3, 1, 21010, '2024-08-13 08:09:48', '2024-08-13 08:09:48'),
	(57, 3, 2, 22419, '2024-08-13 08:10:04', '2024-08-13 08:10:04'),
	(58, 3, 3, 47739, '2024-08-13 08:10:21', '2024-08-13 08:10:21'),
	(59, 3, 4, 49197, '2024-08-13 08:10:40', '2024-08-13 08:10:40'),
	(60, 3, 5, 45548, '2024-08-13 08:10:58', '2024-08-13 08:10:58'),
	(61, 3, 6, 49310, '2024-08-13 08:11:43', '2024-08-13 08:11:43'),
	(62, 3, 7, 54766, '2024-08-13 08:11:59', '2024-08-13 08:11:59'),
	(63, 3, 8, 47649, '2024-08-13 08:12:16', '2024-08-13 08:12:16'),
	(64, 3, 9, 44952, '2024-08-13 08:12:37', '2024-08-13 08:12:37'),
	(65, 3, 10, 76372, '2024-08-13 08:13:24', '2024-08-13 08:13:24'),
	(66, 3, 11, 35391, '2024-08-13 08:13:43', '2024-08-13 08:13:43'),
	(67, 3, 12, 52336, '2024-08-13 08:13:58', '2024-08-13 08:13:58'),
	(68, 3, 13, 72880, '2024-08-13 08:14:16', '2024-08-13 08:14:16'),
	(69, 3, 14, 46670, '2024-08-13 08:14:33', '2024-08-13 08:14:33'),
	(70, 3, 15, 23545, '2024-08-13 08:15:10', '2024-08-13 08:15:10'),
	(71, 3, 16, 44958, '2024-08-13 08:16:16', '2024-08-13 08:16:16'),
	(72, 3, 17, 35335, '2024-08-13 08:16:31', '2024-08-13 08:16:31'),
	(73, 3, 18, 32763, '2024-08-13 08:17:00', '2024-08-13 08:17:00'),
	(74, 3, 19, 29225, '2024-08-13 08:17:18', '2024-08-13 08:17:18'),
	(75, 3, 20, 49085, '2024-08-13 08:17:36', '2024-08-13 08:17:36'),
	(76, 3, 21, 32454, '2024-08-13 08:17:52', '2024-08-13 08:17:52'),
	(77, 3, 22, 28037, '2024-08-13 08:18:11', '2024-08-13 08:18:11'),
	(78, 3, 23, 20726, '2024-08-13 08:18:28', '2024-08-13 08:18:28'),
	(79, 3, 24, 29456, '2024-08-13 08:18:48', '2024-08-13 08:18:48'),
	(80, 3, 25, 41044, '2024-08-13 08:19:06', '2024-08-13 08:19:06'),
	(81, 3, 26, 102585, '2024-08-13 08:19:53', '2024-08-13 08:19:53'),
	(82, 3, 27, 70805, '2024-08-13 08:20:11', '2024-08-13 08:20:11'),
	(84, 4, 1, 21037, '2024-10-22 20:42:22', '2024-10-22 20:42:22'),
	(85, 4, 2, 22448, '2024-10-22 20:42:44', '2024-10-22 20:42:44'),
	(86, 4, 3, 47798, '2024-10-22 20:42:59', '2024-10-22 20:42:59'),
	(87, 4, 4, 49258, '2024-10-22 20:43:24', '2024-10-22 20:43:24'),
	(88, 4, 5, 45605, '2024-10-22 20:44:13', '2024-10-22 20:44:13'),
	(89, 4, 6, 49371, '2024-10-22 20:45:31', '2024-10-22 20:45:31'),
	(90, 4, 7, 54834, '2024-10-22 20:47:40', '2024-10-22 20:47:40'),
	(91, 4, 8, 47710, '2024-10-22 21:16:58', '2024-10-22 21:16:58'),
	(92, 4, 9, 45009, '2024-10-22 21:17:16', '2024-10-22 21:17:16'),
	(93, 4, 10, 76465, '2024-10-22 21:17:35', '2024-10-22 21:17:35'),
	(94, 4, 11, 35436, '2024-10-22 21:18:30', '2024-10-22 21:18:30'),
	(95, 4, 12, 52402, '2024-10-22 21:18:49', '2024-10-22 21:18:49'),
	(96, 4, 13, 72971, '2024-10-22 21:19:08', '2024-10-22 21:19:08'),
	(97, 4, 14, 46728, '2024-10-22 21:20:50', '2024-10-22 21:20:50'),
	(98, 4, 15, 23575, '2024-10-22 21:21:10', '2024-10-22 21:21:10'),
	(99, 4, 16, 45014, '2024-10-22 21:21:31', '2024-10-22 21:21:31'),
	(100, 4, 17, 35379, '2024-10-22 21:21:51', '2024-10-22 21:21:51'),
	(101, 4, 18, 32804, '2024-10-23 00:22:50', '2024-10-23 00:22:50'),
	(102, 4, 19, 29261, '2024-10-23 00:23:06', '2024-10-23 00:23:06'),
	(103, 4, 20, 49146, '2024-10-23 00:24:08', '2024-10-23 00:24:08'),
	(104, 4, 21, 32495, '2024-10-23 00:25:28', '2024-10-23 00:25:28'),
	(105, 4, 22, 28071, '2024-10-23 00:25:51', '2024-10-23 00:25:51'),
	(106, 4, 23, 20751, '2024-10-23 00:26:09', '2024-10-23 00:26:09'),
	(107, 4, 24, 29492, '2024-10-23 00:28:49', '2024-10-23 00:28:49'),
	(108, 4, 25, 41095, '2024-10-23 00:29:09', '2024-10-23 00:29:09'),
	(109, 4, 26, 102713, '2024-10-23 00:29:44', '2024-10-23 00:29:44'),
	(110, 4, 27, 70893, '2024-10-23 00:30:12', '2024-10-23 00:30:12');

-- Dumping structure for table pa_maps1.penyakits
CREATE TABLE IF NOT EXISTS `penyakits` (
  `id` bigint unsigned NOT NULL AUTO_INCREMENT,
  `nama_penyakit` varchar(255) CHARACTER SET utf8mb4 COLLATE utf8mb4_general_ci NOT NULL,
  `link_metabase` varchar(255) COLLATE utf8mb4_unicode_ci DEFAULT NULL,
  `pengertian` text COLLATE utf8mb4_unicode_ci,
  `penyebab` text COLLATE utf8mb4_unicode_ci,
  `gejala` text COLLATE utf8mb4_unicode_ci,
  `diagnosis` text COLLATE utf8mb4_unicode_ci,
  `komplikasi` text COLLATE utf8mb4_unicode_ci,
  `pengobatan` text COLLATE utf8mb4_unicode_ci,
  `pencegahan` text COLLATE utf8mb4_unicode_ci,
  `gambar` varchar(255) COLLATE utf8mb4_unicode_ci DEFAULT NULL,
  `sumber_informasi` varchar(255) COLLATE utf8mb4_unicode_ci DEFAULT NULL,
  `created_at` timestamp NULL DEFAULT NULL,
  `updated_at` timestamp NULL DEFAULT NULL,
  PRIMARY KEY (`id`),
  UNIQUE KEY `nama_penyakit` (`nama_penyakit`)
) ENGINE=InnoDB AUTO_INCREMENT=12 DEFAULT CHARSET=utf8mb4 COLLATE=utf8mb4_unicode_ci;

-- Dumping data for table pa_maps1.penyakits: ~7 rows (approximately)
INSERT INTO `penyakits` (`id`, `nama_penyakit`, `link_metabase`, `pengertian`, `penyebab`, `gejala`, `diagnosis`, `komplikasi`, `pengobatan`, `pencegahan`, `gambar`, `sumber_informasi`, `created_at`, `updated_at`) VALUES
	(1, 'DBD', 'http://localhost:3000/public/question/86674aaa-b577-4d71-961c-1a5893bd9c0c', 'Demam berdarah adalah penyakit infeksi akibat virus yang menular melalui gigitan nyamuk. Penyakit ini menimbulkan gejala demam tinggi, sakit kepala, serta nyeri tulang dan otot. Jika tidak ditangani dengan tepat, demam berdarah berisiko mengancam nyawa.', 'Demam berdarah atau DBD disebabkan oleh virus Dengue. Seseorang bisa terjangkit demam berdarah jika digigit oleh nyamuk Aedes aegypti atau Aedes albopictus yang telah terinfeksi virus Dengue terlebih dahulu.\n\nNyamuk penyebab demam berdarah biasanya aktif dan menggigit pada pagi dan sore hari. Nyamuk ini biasanya hidup di genangan air yang tenang dan dasarnya bersih, seperti genangan air di ban mobil, sampah plastik, atau tempat minum hewan.\n\nDemam berdarah tidak menular antarmanusia secara langsung. Namun, ibu hamil dapat menularkan demam berdarah kepada janin yang dikandungnya selama masa kehamilan atau ketika proses persalinan.', 'Gejala utama demam berdarah adalah naiknya suhu tubuh secara mendadak. Pada anak-anak, fase demam pada DBD berbentuk seperti pelana kuda, yaitu turun selama beberapa hari, kemudian naik lagi.\n\nDemam pada DBD umumnya berlangsung selama 3 hari. Demam bisa mencapai suhu 3940C dan sulit turun walaupun pasien telah mengonsumsi obat penurun panas.\n\nSelain demam, ada beberapa gejala lain yang dapat menyertainya, yaitu:\n- Lemas\n- Sakit kepala hebat\n- Nyeri di bagian belakang mata\n- Sakit otot dan sendi\n- Hilang nafsu makan\n- Mual dan muntah\n- Ruam kemerahan yang timbul atau tidak timbul\n\nSelanjutnya, demam akan turun dan pasien merasa lebih baik. Namun, pada fase ini, trombosit justru sedang turun drastis dan terjadi kebocoran pada pembuluh darah. Akibatnya, pasien berisiko mengalami perdarahan dan syok karena pembuluh darah kehilangan banyak cairan.\n\nFase setelah demam turun merupakan fase kritis sehingga pasien harus diawasi secara ketat. Tanda bahaya yang perlu diawasi pada fase ini antara lain:\n- Nyeri perut yang berat\n- Muntah-muntah tidak kunjung berhenti\n- Lemas setelah sudah merasa membaik\n- Gelisah\n- Gusi berdarah atau mimisan\n- Muntah berdarah\n- Buang air besar berdarah\n- Jantung berdebar\n- Napas cepat\n- Kulit dingin, pucat, dan basah', 'Diagnosis demam berdarah dilakukan dengan menanyakan gejala yang dialami pasien, riwayat perjalanannya, dan kejadian DBD di wilayah tempat tinggal pasien.\n\nSetelah itu, dokter akan melakukan pemeriksaan fisik secara menyeluruh. Pada pemeriksaan awal, dokter akan melakukan tourniquet test dengan alat pengukur tekanan darah. Tujuannya adalah untuk memeriksa risiko terjadinya kebocoran pembuluh darah.\n\nGuna memastikan diagnosis, dokter juga dapat melakukan rangkaian tes darah berikut ini:\n- Pemeriksaan antigen NS1, untuk mendeteksi virus Dengue\n- Pemeriksaan serologi IgG dan IgM dengue, untuk mendeteksi antibodi yang melawan virus Dengue\n- Hitung darah lengkap, untuk melihat kadar trombosit dan sel darah putih\n- Hematokrit, untuk melihat kebocoran pembuluh darah\n- Tes fungsi hati, untuk melihat kadar enzim hati', 'Jika tidak tertangani dengan cepat, kebocoran pembuluh darah pada DBD dapat menyebabkan komplikasi yang berbahaya, antara lain:\n- Penumpukan cairan pada rongga dada atau perut\n- Perdarahan hebat\n- Organ vital tubuh tidak mendapatkan aliran darah (syok) atau dengue shock syndrome\n\nSementara jika terjadi pada ibu hamil, demam berdarah dapat menyebabkan komplikasi berupa:\n- Keguguran\n- Berat badan lahir rendah\n- Bayi lahir prematur\n- Bayi meninggal di dalam kandungan\n- Perdarahan pascapersalinan', 'Tidak ada obat khusus yang dapat membunuh virus Dengue. Perawatan pasien demam berdarah berfokus untuk mengatasi gejala, menjaga energi pasien, dan meningkatkan kekebalan tubuhnya. Dengan demikian, diharapkan virus dapat terbasmi oleh daya tahan tubuh pasien.\n\nPenanganan demam berdarah tahap awal bisa dilakukan di rumah selama tidak terdapat tanda bahaya. Namun, selama perawatan mandiri, pasien harus diawasi secara ketat. Selain itu, untuk mempercepat pemulihan, pasien perlu:\n- Mencukupi kebutuhan cairan dengan minuman selain air putih, seperti susu, jus buah, cairan isotonik, oralit, atau air beras\n- Mengonsumsi makanan dengan gizi lengkap dan seimbang\n- Beristirahat yang cukup\n- Menjaga suhu tubuh di bawah 39C dengan menggunakan kompres hangat, mandi atau berendam air hangat (tidak panas), mengatur suhu ruangan yang sejuk, dan tidak memakai baju yang tidak terlalu tebal\n- Minum paracetamol jika demam naik melebihi 390C atau jika sakit kepala dan nyeri otot terasa mengganggu\n\nJika terjadi tanda bahaya DBD, pasien harus segera dibawa ke IGD rumah sakit. Pengobatan yang diberikan di rumah sakit berupa:\n- Infus cairan\n- Pemantauan tekanan darah, kadar trombosit, kadar gula, kadar elektrolit darah, dan fungsi hati\n- Transfusi darah jika terjadi komplikasi perdarahan yang parah', 'Pencegahan demam berdarah bisa dilakukan dengan menjalankan program pemberantasan sarang nyamuk (PSN) dengan 3M Plus, yaitu:\n- Menguras atau membersihkan penampungan air\n- Menutup rapat penampungan air\n- Menguras atau membersihkan penampungan air\n- Plus pencegahan tambahan, seperti fogging atau memperbaiki parit yang tidak lancar\n\nPSN 3M Plus ini harus dilakukan secara berkala untuk menciptakan lingkungan yang bersih dan terbebas dari nyamuk penyebab demam berdarah.\n\nDBD juga bisa dicegah dengan menjalani vaksin dengue. Vaksin dengue yang tersedia di Indonesia dapat diberikan sejak usia 6 tahun pada anak yang belum atau sudah pernah terinfeksi demam berdarah.', 'upload/1742828191_demam-berdarah-0-alodokter.jpg', 'https://www.alodokter.com/demam-berdarah', '2025-03-23 16:17:26', '2025-03-24 08:33:43'),
	(2, 'Malaria', 'http://localhost:3000/public/question/ac463a62-d1e2-4633-8f3b-6d73e9ef7f30', 'Malaria adalah penyakit infeksi menular yang menyebar melalui gigitan nyamuk. Penderita malaria akan mengeluhkan gejala demam dan menggigil beberapa hari setelah terinfeksi parasit yang dibawa oleh nyamuk.', 'Manusia dapat terkena malaria setelah digigit nyamuk pembawa parasit Plasmodium. Gigitan nyamuk tersebut akan menyebabkan parasit masuk ke dalam tubuh manusia, kemudian menetap di organ hati sebelum menyerang sel darah merah.', 'Gejala malaria timbul setidaknya 10-15 hari setelah digigit nyamuk. Gejala muncul dalam tiga tahap selama 612 jam, yaitu menggigil, demam dan sakit kepala, lalu keluar banyak keringat dan lemas sebelum suhu tubuh kembali normal.', 'Dokter akan menanyakan gejala yang dialami dan kapan gejala muncul, dilanjutkan dengan melakukan pemeriksaan fisik. Dokter juga akan menanyakan apakah pasien tinggal di daerah yang banyak kasus malaria, atau baru saja bepergian ke daerah tersebut.\n\nGuna memastikan diagnosis malaria, dokter akan melakukan pemeriksaan darah yang disebut tes diagnostik cepat malaria (RDT malaria). RDT malaria bertujuan untuk mendeteksi protein (antigen) yang menjadi tanda keberadaan parasit malaria. Hasil tes ini dapat diketahui dalam beberapa menit.\n\nTidak cukup dengan pemeriksaan RDT saja, dokter juga akan melakukan pemeriksaan darah di bawah mikroskop, untuk melihat keberadaan parasit dan membedakan jenis malaria. Sampel darah bisa diambil lebih dari sekali dan diambil ketika keluhan timbul.\n\nDokter juga dapat melakukan tes darah lain, seperti uji fungsi hati atau fungsi ginjal, untuk mengetahui apakah malaria menyebabkan komplikasi ke organ lain.', 'Ada beberapa komplikasi yang dapat terjadi pada penderita malaria, antara lain:\n\n1. Anemia parah\nAnemia terjadi karena banyaknya sel darah merah yang hancur atau rusak (hemolisis) akibat parasit malaria.\n\n2. Malaria otak\nKomplikasi ini terjadi saat sel darah dipenuhi parasit sehingga menghambat pembuluh darah kecil pada otak. Akibatnya, otak menjadi bengkak atau rusak. Gejala malaria otak berupa kejang dan koma.\n\n3. Gagal fungsi organ tubuh\nBeberapa organ yang dapat terganggu karena parasit malaria antara lain ginjal, hati, atau limpa. Kondisi tersebut dapat membahayakan nyawa penderita. Pada beberapa kasus, limpa bahkan dapat membesar (splenomegali) hingga lebih dari 10 cm.\n\n4. Gangguan pernapasan\nKomplikasi ini terjadi saat cairan menumpuk di paru-paru (edema paru) sehingga membuat penderita sulit bernapas\n\n5. Hipoglikemia\nMalaria yang parah bisa menyebabkan hipoglikemia atau kadar gula darah rendah. Gula darah yang sangat rendah bisa berakibat koma atau bahkan kematian.', 'Malaria harus segera ditangani untuk mencegah risiko terjadinya komplikasi yang berbahaya. Penanganan malaria dapat dilakukan dengan pemberian obat antimalaria yang jenisnya disesuaikan dengan parasit penyebab malaria, tingkat keparahan, atau wilayah yang pernah ditinggali penderita.', 'Meski belum ada vaksinasi untuk mencegah malaria, dokter dapat meresepkan obat antimalaria sebagai pencegahan jika Anda berencana bepergian atau tinggal di area yang banyak kasus malarianya.\n\nPencegahan malaria juga bisa dilakukan dengan memasang kelambu di tempat tidur, mengenakan pakaian lengan panjang dan celana panjang, serta menggunakan krim atau semprotan antinyamuk.', 'upload/1742831167_malaria-0-alodokter.jpg', 'https://www.alodokter.com/malaria', '2024-08-12 08:08:16', '2025-03-24 17:29:52'),
	(3, 'Hepatitits B', NULL, 'Hepatitis B adalah peradangan pada organ hati yang disebabkan oleh virus hepatitis B. Virus ini dapat menular melalui hubungan seksual atau berbagi jarum suntik.\n\nInfeksi hepatitis B umumnya tidak bertahan lama dalam tubuh penderita dan dapat sembuh dengan sendirinya tanpa diobati. Kondisi ini disebut infeksi hepatitis akut atau hepatitis B akut. Namun, infeksi hepatitis B juga bisa menetap dan bertahan dalam tubuh seseorang atau menjadi kronis.', 'Hepatitis B menular melalui hubungan seksual tanpa kondom dan berbagi jarum suntik dengan penderita hepatitis B. Hal ini karena virus hepatitis B berada di dalam darah dan cairan tubuh, seperti sperma atau cairan vagina. Selain itu, hepatitis B juga dapat menular dari ibu hamil ke bayi yang dikandungnya.', 'Hepatitis B sering kali tidak menimbulkan gejala. Oleh sebab itu, penderita sering tidak menyadari bahwa ia telah terinfeksi virus hepatitis B. Akibatnya, penderita dapat menularkan penyakit ini tanpa disengaja.\n\nHepatitis B yang terjadi kurang dari 6 bulan disebut hepatitis B akut, sedangkan infeksi yang berlangsung lebih dari 6 bulan disebut hepatitis B kronis. Hepatitis B kronis dapat berkembang menjadi sirosis atau kanker hati.\n\nMeskipun sebagian besar tidak mengalami gejala, beberapa penderita hepatitis B akut dapat merasakan gejala. Gejala umumnya muncul 15 bulan setelah tertular hepatitis B.\n\nGejala hepatitis B tersebut antara lain:\n- Demam\n- Nyeri otot dan sendi\n- Sakit kepala\n- Mual dan muntah\n- Lemas\n- Hilang nafsu makan\n- Perut kembung\n- Diare\n- Kulit dan bagian putih mata (sklera) berwarna kuning\n- Urine berwarna gelap', 'Diagnosis hepatitis B diawali dengan tanya jawab terkait gejala dan dilanjutkan dengan memeriksa tanda kerusakan hati, seperti kulit dan mata yang berwarna kuning atau nyeri perut.\n\nSetelah itu, dokter akan melakukan pemeriksaan lanjutan untuk memastikan diagnosis, salah satunya dengan tes darah. Tes darah bertujuan untuk mendeteksi keberadaan virus hepatitis B, memeriksa fungsi hati, dan menentukan apakah jenis hepatitis B yang diderita pasien bersifat akut atau kronis.\n\nPemindaian, seperti USG perut, juga dilakukan untuk memeriksa dan mendeteksi kerusakan di organ hati. Pada kasus tertentu, dokter akan melakukan biopsi hati, dengan mengambil dan memeriksa sampel jaringan hati. Dengan begitu seberapa parah kerusakan hati bisa diketahui.\n\nSeperti telah disebutkan sebelumnya, sebagian besar penderita hepatitis B tidak mengalami gejala. Itulah sebabnya, hepatitis B sering kali dideteksi saat skrining terhadap penyakit hepatitis B atau medical check-up rutin.', 'Hepatitis B yang bersifat kronis berisiko menyebabkan komplikasi penyaki hati yang serius. Ada beberapa komplikasi yang dapat muncul, yaitu:\n- Sirosis\nInfeksi hepatitis B dapat menyebabkan peradangan yang memicu terbentuknya jaringan parut pada organ hati (sirosis).\n- Kanker hati\nInfeksi hepatitis B kronis yang tidak segera ditangani dapat memicu kemunculan sel kanker yang dapat berkembang menjadi kanker hati.\n- Gagal hati\nGagal hati terjadi ketika infeksi hepatitis B telah menyebabkan kerusakan hebat pada organ hati sehingga hati tidak lagi bisa berfungsi.\n\nHepatitis B akut juga dapat menyebabkan komplikasi berupa kerusakan hati yang cepat, meskipun jarang terjadi. Komplikasi muncul ketika infeksi hepatitis B akut memicu sistem imun untuk menyerang organ hati.\n\nGangguan sistem imun ini dapat menyebabkan kerusakan hati sehingga membahayakan nyawa penderitanya. Kondisi ini dikenal dengan hepatitis fulminan. Hepatitis fulminan terutama timbul jika infeksi hepatitis B terjadi bersamaan dengan infeksi hepatitis D.', 'Tidak ada metode khusus untuk mengatasi hepatitis B akut, karena akan sembuh dengan sendirinya. Penanganan hanya bertujuan untuk meredakan gejala yang muncul. Sementara itu, pengobatan pada hepatitis B kronis adalah dengan obat antivirus, misalnya tenofovir.\n\nPasien hepatitis B kronis perlu rutin kontrol ke dokter agar efektivitas pengobatan dan perkembangan penyakit dapat diketahui. Hal tersebut karena hepatitis B kronis dapat menyebabkan kerusakan organ hati. Jika kerusakan hati cukup parah, dokter mungkin akan menganjurkan prosedur transplantasi hati.\n\nDengan penanganan yang tepat dan gaya hidup sehat, penderita hepatitis B dapat hidup normal.', 'Langkah utama untuk mencegah hepatitis B adalah melalui pemberian vaksin hepatitis B . Vaksin ini wajib diberikan kepada anak-anak, tetapi karena efeknya tidak bertahan seumur hidup, vaksinasi perlu diulang saat dewasa.\n\nSelain vaksinasi, ada upaya lain yang perlu dilakukan untuk menurunkan risiko terkena hepatitis B, yaitu berhubungan seksual secara aman dan menjauhi penyalahgunaan NAPZA.', 'upload/1742831953_hepatitis-b-0-alodokter.jpg', 'https://www.alodokter.com/hepatitis-b', '2024-08-12 08:08:30', '2025-03-24 09:06:53'),
	(4, 'Kusta', NULL, 'Kusta atau lepra adalah penyakit infeksi bakteri kronis yang menyerang jaringan kulit, saraf tepi, dan saluran pernapasan. Kusta atau lepra dikenal juga dengan nama penyakit Hansen atau Morbus Hansen.', 'Kusta atau lepra disebabkan oleh infeksi bakteri Mycobacterium leprae. Bakteri ini dapat menular dari satu orang ke orang lainnya melalui percikan cairan dari saluran pernapasan (droplet), yaitu ludah atau dahak, yang keluar saat batuk atau bersin.\n\nSeseorang dapat tertular kusta jika terkena percikan droplet dari penderitanya secara terus-menerus dalam waktu yang lama. Dengan kata lain, bakteri penyebab lepra tidak dapat menular kepada orang lain dengan mudah. Selain itu, bakteri ini juga membutuhkan waktu lama untuk berkembang biak di dalam tubuh penderita.\n\nPerlu dicatat, kusta bisa menular jika terjadi kontak dalam waktu yang lama. Kusta tidak akan menular hanya karena bersalaman, duduk bersama, atau berhubungan seksual dengan penderita. Kusta juga tidak menular dari ibu ke janinnya.\n\nSelain penyebab di atas, ada beberapa faktor lain yang bisa meningkatkan risiko seseorang terkena kusta, di antaranya:\n- Bersentuhan dengan hewan penyebar bakteri kusta, seperti armadillo\n- Menetap atau berkunjung ke kawasan endemik kusta\n- Memiliki gangguan sistem kekebalan tubuh', 'Gejala kusta pada awalnya tidak tampak jelas dan biasanya berkembang secara perlahan. Bahkan, pada beberapa kasus, gejala kusta baru bisa terlihat setelah bakteri kusta berkembang biak dalam tubuh penderita selama 20 tahun atau lebih.\n\nBeberapa gejala kusta yang dapat dirasakan penderitanya adalah:\n- Kulit menjadi mati rasa, termasuk kehilangan kemampuan merasakan suhu, sentuhan, tekanan, atau nyeri\n- Kulit tidak berkeringat (anhidrosis)\n- Kulit terasa kaku dan kering\n- Luka yang tidak terasa nyeri di telapak kaki\n- Bengkak atau benjolan di wajah dan telinga\n- Bercak yang tampak pucat dan berwarna lebih terang daripada kulit di sekitarnya\n- Saraf membesar, biasanya di siku dan lutut\n- Otot melemah, terutama pada otot kaki dan tangan\n- Alis dan bulu mata hilang permanen\n- Mata menjadi kering dan jarang mengedip\n- Mimisan, hidung tersumbat, atau kehilangan tulang hidung', 'Untuk mendiagnosis kusta atau lepra, dokter akan menanyakan gejala yang dialami, kemudian memeriksa kulit pasien. Dokter akan memeriksa apakah ada lesi di kulit sebagai gejala kusta atau tidak. Lesi kusta pada kulit biasanya berwarna pucat atau merah (hipopigmentasi) dan disertai mati rasa.\n\nUntuk memastikan apakah pasien menderita lepra, dokter akan mengambil sampel kulit dengan cara dikerok (skin smear). Sampel kulit ini kemudian akan dianalisis di laboratorium untuk mengecek keberadaan bakteri Mycobacterium leprae. Metode analisisnya termasuk pemeriksaan bakteri tahan asam (BTA).\n\nDi daerah endemik lepra, seseorang dapat didiagnosis menderita lepra meskipun pemeriksaan kerokan kulit menunjukkan hasil negatif. Hal ini mengacu pada klasifikasi badan kesehatan dunia atau World Health Organization (WHO) terhadap penyakit kusta, yaitu:\n- Paucibacillary, yaitu terdapat lesi kulit meski hasil tes kerokan kulit (smear) negatif\n- Multibacillary, yaitu terdapat lesi kulit dengan hasil tes kerokan kulit (smear) positif\n\nJika lepra yang diderita sudah cukup parah, dokter akan melakukan tes pendukung untuk memeriksa apakah bakteri Mycobacterium leprae sudah menyebar ke organ lain atau belum. Contoh pemeriksaannya adalah:\n- Hitung darah lengkap\n- Tes fungsi liver atau hati\n- Tes kreatinin\n- Biopsi saraf', 'Beberapa komplikasi yang mungkin terjadi jika kusta terlambat diobati adalah:\n- Mati rasa\n- Glaukoma\n- Kebutaan\n- Gagal ginjal\n- Kerusakan bentuk wajah\n- Kerusakan permanen pada bagian dalam hidung\n- Kemandulan pada pria\n- Lemah otot\n- Kerusakan saraf permanen di luar otak dan saraf tulang belakang, termasuk pada lengan, tungkai kaki, dan telapak kaki\n- Cacat permanen, seperti alis hilang, cacat pada jari kaki, tangan, dan hidung\n\nSelain itu, diskriminasi yang dialami penderita dapat mengakibatkan tekanan psikologis atau bahkan depresi. Hal tersebut berisiko memunculkan keinginan penderitanya untuk melakukan percobaan bunuh diri.', 'Metode utama untuk mengobati kusta atau lepra adalah dengan obat antibiotik. Penderita kusta akan diberi kombinasi beberapa jenis antibiotik selama 12 tahun. Jenis, dosis, dan durasi penggunaan antibiotik akan ditentukan berdasarkan jenis kusta yang diderita.\n\nContoh antibiotik yang digunakan untuk pengobatan kusta adalah:\n- Rifampicin\n- Dapsone\n- Clofazimine\n- Minocycline\n- Ofloxacin\n\nDi Indonesia, pengobatan kusta umumnya dilakukan dengan metode MDT atau multidrug therapy, yakni pengobatan yang mengombinasikan dua antibiotik atau lebih.\n\nSetelah pengobatan dengan antibiotik, operasi umumnya akan dilakukan sebagai penanganan lanjutan. Operasi bagi penderita kusta bertujuan untuk:\n- Menormalkan fungsi saraf yang rusak\n- Memperbaiki bentuk tubuh yang cacat\n- Mengembalikan fungsi anggota tubuh', 'Sampai saat ini, belum ada vaksin untuk mencegah kusta. Diagnosis dini dan pengobatan yang tepat merupakan upaya terbaik untuk mencegah komplikasi dan penularan kusta. Selain itu, menghindari kontak dengan hewan pembawa bakteri kusta juga penting untuk mencegah kusta.\n\nGerakan terpadu untuk memberikan informasi mengenai penyakit kusta kepada masyarakat, terutama di daerah endemik, merupakan langkah penting agar para penderita mau memeriksakan diri dan mendapatkan pengobatan.', 'upload/1742832784_kusta-0-alodokter.jpg', 'https://www.alodokter.com/kusta', '2024-08-12 08:08:41', '2025-03-24 09:13:04'),
	(5, 'Tuberkulosis', 'http://localhost:3000/public/question/0fc3fac3-e503-481b-b10c-062ce211738e', 'Tuberkulosis (TBC)  atau TB adalah penyakit menular akibat infeksi bakteri. TBC umumnya menyerang paru-paru, tetapi juga dapat menyerang organ tubuh lain, seperti ginjal, tulang belakang, dan otak.', 'Tuberkulosis (TBC) disebabkan oleh infeksi bakteri Mycobacterium tuberculosis. Bakteri ini menyebar ketika seseorang menghirup percikan ludah (droplet) saat penderita TBC batuk, berbicara, bersin, tertawa, atau bernyanyi.\n\nMeski demikian, penularan TBC membutuhkan kontak yang cukup dekat dan cukup lama dengan penderita. Makin lama seseorang berinteraksi dengan penderita TBC, makin tinggi pula risikonya tertular. Oleh sebab itu, penularan lebih sering terjadi pada anggota keluarga yang tinggal serumah dengan penderita TBC.\n\nPada penderita TBC yang tidak mengalami gejala (TBC laten), bakteri TBC tetap tinggal di dalam tubuhnya. Bakteri TBC dapat berkembang menjadi aktif jika daya tahan tubuh penderita melemah. Namun, penderita TBC laten ini tidak menularkan bakteri penyebab TBC ke orang lain.\n\nMeski TBC dikategorikan sebagai penyakit menular, penularan penyakit ini tidak secepat pilek dan flu. Namun, ada beberapa kelompok yang berisiko tinggi tertular TBC, yaitu:\n- Orang yang tinggal di pemukiman padat dan kumuh\n- Petugas medis yang sering merawat penderita TBC\n- Orang lanjut usia (lansia) dan anak-anak\n- Pengguna NAPZA\n- Penderita penyakit ginjal stadium lanjut\n- Orang yang mengalami kekurangan gizi\n- Penderita kecanduan alkohol\n- Perokok\n- Orang dengan kekebalan tubuh yang lemah, misalnya penderita HIV/AIDS, kanker, diabetes, orang yang menjalani transplantasi organ\n- Orang yang sedang dalam terapi obat imunosupresif, misalnya penderita lupus, psoriasis, rheumatoid arthritis, atau penyakit Crohn', 'Pada TBC laten, penderita umumnya tidak mengalami gejala. Umumnya, penderita baru menyadari dirinya menderita tuberkulosis setelah menjalani pemeriksaan untuk penyakit lain.\n\nSementara bagi penderita TBC aktif, gejala yang muncul dapat berupa:\n- Batuk yang berlangsung lama (3 minggu atau lebih)\n- Batuk biasanya disertai dengan dahak atau batuk darah\n- Nyeri dada saat bernapas atau batuk\n- Berkeringat di malam hari\n- Hilang nafsu makan\n- Penurunan berat badan\n- Demam dan menggigil\n- Kelelahan\n\nSelain menyerang paru-paru, TBC juga dapat menyerang selain paru-paru. Kondisi ini sering terjadi pada orang yang daya tahan tubuhnya lemah, misalnya penderita AIDS. Organ selain paru-paru yang dapat diserang TBC adalah ginjal, usus, otak, tulang belakang, atau kelenjar.\n\nBerikut ini adalah contoh gejala yang muncul akibat penyakit TBC di luar paru-paru, menurut organ yang terkena:\n- Pembengkakan kelenjar getah beningbila terkena TBC kelenjar\n- Kencing berdarah pada TBC ginjal\n- Nyeri punggung pada TBC tulang belakang\n- Sakit kepala dan kejang bila terkena TBC di otak\n- Sakit perut hebat jika mengalami TBC usus', 'Untuk mendiagnosis TBC, dokter akan menanyakan keluhan dan penyakit yang pernah diderita. Setelah itu, dokter akan melakukan pemeriksaan fisik, terutama dengan mendengarkan suara napas di paru-paru menggunakan stetoskop.\n\nJika pasien diduga mengalami TBC, dokter akan meminta pasien menjalani pemeriksaan dahak yang disebut pemeriksaan BTA. Pada kasus TBC pada organ selain paru-paru, pemeriksaan BTA juga dapat dilakukan dengan menggunakan sampel selain dahak.\n\nJika dokter membutuhkan hasil yang lebih spesifik, pasien akan dianjurkan untuk menjalani tes kultur BTA. Tes ini juga menggunakan sampel dahak pasien, tetapi memerlukan waktu yang lebih lama.\n\nBiasanya, dokter dapat menegakkan diagnosis TBC berdasarkan tanya jawab, pemeriksaan fisik, foto Rontgen paru, dan pemeriksaan atau tes kultur BTA. Akan tetapi, jika belum bisa, maka dokter akan menyarankan serangkaian pemeriksaan TBC lainnya untuk mendukung diagnosis, yaitu:\n- Tes kulit Mantoux atau tuberculin skin test\n- Tes darah IGRA (interferon gamma release assay)\n- Bronkoskopi\n- CT scan', 'Beberapa komplikasi yang dapat terjadi akibat TBC atau bila kondisinya sudah parah adalah:\n\n1. Kerusakan paru-paru permanen\nKerusakan permanen pada paru-paru dapat terjadi bila tuberkulosis tidak segera ditangani atau bila pengobatannya tidak dijalani dengan baik.\n\n2. Penyebaran tuberkulosis ke organ lain\nTBC yang tidak ditangani dapat menyebar luas ke organ lain dan menyebabkan komplikasi, seperti nyeri dan patah tulang belakang, kerusakan sendi, meningitis, gangguan kelenjar getah bening, gangguan pada hati atau ginjal, serta penyakit jantung.\n\n3. Kematian\nTBC yang menyebar luas ke organ-organ lain berisiko menyebabkan kematian.', 'Pengobatan tuberkulosis (TBC) adalah dengan patuh minum obat selama jangka waktu yang dianjurkan oleh dokter. Jika pasien berhenti minum obat sebelum waktu yang disarankan, bakteri TBC berpotensi kebal terhadap obat yang biasa diberikan. Akibatnya, TBC menjadi lebih berbahaya dan akan lebih sulit diobati.\n\nObat TBC yang diminum merupakan kombinasi dari dua atau empat obat berikut:\n- Isoniazid\n- Rifampicin\n- Pyrazinamide\n- Ethambutol\n\nObat tersebut harus diminum secara rutin selama 69 bulan. Sama seperti obat-obat lain, obat TBC juga memiliki efek samping, antara lain:\n- Warna urine menjadi kemerahan\n- Penurunan efektivitas pil KB, KB suntik, atau susuk\n- Gangguan penglihatan\n- Gangguan saraf\n- Gangguan fungsi hati\n\nUntuk menghindari efek samping di atas, dokter akan menyesuaikan jenis dan dosis obat dengan organ yang terinfeksi. Dokter juga akan menyesuaikan pemberian obat dengan usia dan kondisi pasien, terutama pasien anak dan ibu hamil.\n\nPada penderita yang sudah kebal dengan kombinasi obat di atas, dokter akan memberikan kombinasi obat yang lebih banyak dan lebih lama. Lama pengobatan dapat mencapai 2030 bulan. Contoh obat yang digunakan antara lain bedaquiline, levofloxacin, atau streptomycin.\n\nOleh karena itu, kepatuhan pasien dalam pengobatan sangat diperlukan. Hal ini untuk menghindari risiko gagal pengobatan, jangka pengobatan lebih lama, atau kebal obat.\n\nSelama masa pengobatan, pasien juga harus menjalani pemeriksaan rutin untuk memantau keberhasilan pengobatan. Hal yang harus diperhatikan pula adalah pemberian asupan makanan bergizi untuk penderita TBC agar cepat pulih. Ini karena daya tahan tubuh dan status gizi penderita juga berpengaruh terhadap keberhasilan pengobatan.', 'Upaya yang dapat dilakukan untuk mencegah dan menghindari penularan TBC antara lain:\n\n1. Vaksinasi BCG\nDi Indonesia, vaksin BCG (Bacillus Calmette-Guerin) termasuk dalam daftar imunisasi wajib dan diberikan sebelum bayi usia 2 bulan. Bagi yang belum pernah menerima vaksin BCG, dianjurkan untuk menjalani vaksinasi bila ada salah satu anggota keluarga yang menderita TBC.\n\n2. Penggunaan Masker\nTBC juga dapat dicegah dengan mengenakan masker saat berada di tempat ramai, atau ketika berinteraksi dengan penderita TBC. Perlu diingat, hindari kontak dengan penderita TBC di ruangan tertutup yang bersirkulasi buruk.\n\nBagi penderita TBC yang sedang diterapi, TBC masih dapat menular selama sekitar 2 minggu pertama pengobatan. Oleh karena itu, diperlukan langkah pencegahan guna menghindari penularan pada orang yang tinggal di lingkungan penderita. Langkah pencegahan tersebut berupa:\n- Tutupi mulut saat bersin, batuk, dan tertawa.\n- Jika menggunakan tisu untuk menutup mulut, buang tisu segera setelah digunakan.\n- Jangan membuang dahak atau meludah sembarangan.\n- Pastikan rumah memiliki sirkulasi udara yang baik, misalnya dengan sering membuka pintu dan jendela.\n- Jangan tidur sekamar dengan orang lain sampai dokter menyatakan TBC yang diderita telah sampai pada tahap tidak menular.', 'upload/1742834017_tuberkulosis-0-alodokter.jpg', 'https://www.alodokter.com/tuberkulosis', '2024-08-12 08:08:57', '2025-03-24 09:34:34'),
	(6, 'Filariasis', NULL, NULL, NULL, NULL, NULL, NULL, NULL, NULL, NULL, NULL, '2024-08-12 08:09:10', '2025-02-20 07:55:09'),
	(7, 'Campak', NULL, NULL, NULL, NULL, NULL, NULL, NULL, NULL, NULL, NULL, '2024-08-12 08:09:22', '2025-02-20 06:47:49');

-- Dumping structure for table pa_maps1.personal_access_tokens
CREATE TABLE IF NOT EXISTS `personal_access_tokens` (
  `id` bigint unsigned NOT NULL AUTO_INCREMENT,
  `tokenable_type` varchar(255) COLLATE utf8mb4_unicode_ci NOT NULL,
  `tokenable_id` bigint unsigned NOT NULL,
  `name` varchar(255) COLLATE utf8mb4_unicode_ci NOT NULL,
  `token` varchar(64) COLLATE utf8mb4_unicode_ci NOT NULL,
  `abilities` text COLLATE utf8mb4_unicode_ci,
  `last_used_at` timestamp NULL DEFAULT NULL,
  `expires_at` timestamp NULL DEFAULT NULL,
  `created_at` timestamp NULL DEFAULT NULL,
  `updated_at` timestamp NULL DEFAULT NULL,
  PRIMARY KEY (`id`),
  UNIQUE KEY `personal_access_tokens_token_unique` (`token`),
  KEY `personal_access_tokens_tokenable_type_tokenable_id_index` (`tokenable_type`,`tokenable_id`)
) ENGINE=InnoDB DEFAULT CHARSET=utf8mb4 COLLATE=utf8mb4_unicode_ci;

-- Dumping data for table pa_maps1.personal_access_tokens: ~0 rows (approximately)

-- Dumping structure for table pa_maps1.tahuns
CREATE TABLE IF NOT EXISTS `tahuns` (
  `id` bigint unsigned NOT NULL AUTO_INCREMENT,
  `tahun` year NOT NULL DEFAULT '2000',
  `link_metabase` varchar(255) CHARACTER SET utf8mb4 COLLATE utf8mb4_unicode_ci DEFAULT NULL,
  `created_at` timestamp NULL DEFAULT NULL,
  `updated_at` timestamp NULL DEFAULT NULL,
  PRIMARY KEY (`id`),
  UNIQUE KEY `tahun` (`tahun`)
) ENGINE=InnoDB AUTO_INCREMENT=12 DEFAULT CHARSET=utf8mb4 COLLATE=utf8mb4_unicode_ci;

-- Dumping data for table pa_maps1.tahuns: ~7 rows (approximately)
INSERT INTO `tahuns` (`id`, `tahun`, `link_metabase`, `created_at`, `updated_at`) VALUES
	(1, '2020', 'http://localhost:3000/public/question/308f9994-4c9b-41ed-88b2-b2c4acf5a2f6', '2024-08-12 07:57:30', '2025-03-19 18:48:12'),
	(2, '2021', 'http://localhost:3000/public/question/8c1e5c26-6bdf-425a-95b6-c7d4053a47a3', '2024-08-12 07:59:21', '2025-03-20 23:10:47'),
	(3, '2022', 'http://localhost:3000/public/question/cbef9ab9-2c3e-4c87-a2c4-15260b33e7f2', '2024-08-12 07:59:45', '2025-03-24 17:31:35'),
	(4, '2023', '', '2024-08-15 18:54:29', '2024-10-31 23:41:22'),
	(5, '2024', NULL, '2024-08-18 06:03:16', '2024-08-18 06:03:17'),
	(9, '2025', NULL, '2024-10-30 00:26:13', '2024-10-30 00:26:13'),
	(11, '2016', NULL, '2025-02-20 04:39:07', '2025-02-20 04:39:07');

-- Dumping structure for table pa_maps1.users
CREATE TABLE IF NOT EXISTS `users` (
  `id` bigint unsigned NOT NULL AUTO_INCREMENT,
  `name` varchar(255) COLLATE utf8mb4_unicode_ci NOT NULL,
  `email` varchar(255) COLLATE utf8mb4_unicode_ci NOT NULL,
  `email_verified_at` timestamp NULL DEFAULT NULL,
  `phone` varchar(255) COLLATE utf8mb4_unicode_ci NOT NULL COMMENT 'phone cannot be empty',
  `password` varchar(255) COLLATE utf8mb4_unicode_ci NOT NULL,
  `role` tinyint(1) NOT NULL DEFAULT '0',
  `remember_token` varchar(100) COLLATE utf8mb4_unicode_ci DEFAULT NULL,
  `created_at` timestamp NULL DEFAULT NULL,
  `updated_at` timestamp NULL DEFAULT NULL,
  PRIMARY KEY (`id`),
  UNIQUE KEY `users_email_unique` (`email`),
  UNIQUE KEY `users_phone_unique` (`phone`)
) ENGINE=InnoDB AUTO_INCREMENT=9 DEFAULT CHARSET=utf8mb4 COLLATE=utf8mb4_unicode_ci;

-- Dumping data for table pa_maps1.users: ~5 rows (approximately)
INSERT INTO `users` (`id`, `name`, `email`, `email_verified_at`, `phone`, `password`, `role`, `remember_token`, `created_at`, `updated_at`) VALUES
	(1, 'Admin', 'shintiadewi789@gmail.com', '2024-08-11 04:23:36', '085806819449', '$2y$12$ply.3Sp5o5d8aHh9yUm0Ze30A.NO0EtkzeRRcXrRa89riHLdS4ZxC', 1, NULL, '2024-08-11 04:23:20', '2024-08-11 04:23:36'),
	(3, 'Shintia Dewi', 'shintiaaa789@gmail.com', '2024-08-12 02:00:16', '085706736122', '$2y$12$oxnEQrDV0Z7A2QLnjeDrVeccmdmg7AGIPi6fCKLn1y4Z8.xxrmxIC', 0, NULL, '2024-08-12 01:59:57', '2024-08-12 02:00:16'),
	(4, 'Waridatul Jannah', 'waridatuljannah00@gmail.com', '2024-08-15 05:08:22', '085755351793', '$2y$12$sHYDsjGWy88Ikpw81ac96uWT92RtRdExEoCvltloPItc8sJgeefvK', 0, NULL, '2024-08-14 22:08:11', '2024-08-14 22:08:11'),
	(5, 'Dewi Wulansari', 'dewiwlnans@gmail.com', '2024-08-14 23:58:24', '081913008265', '$2y$12$15pP4WaXE3ewnV5WQGy/I.fRWXzcIYlTQ8LBnj7QGhGGJlyKzHzIC', 0, NULL, '2024-08-14 23:55:41', '2024-08-14 23:58:24'),
	(7, 'Adila Issahadi Putri', 'adilaissahadi473@gmail.com', '2024-08-15 07:41:26', '081216772741', '$2y$12$m3LDhwzkroKk2Ec/RBlcnOIq/6hqwzlgX4w6XobHVIEFGBqpIepLm', 0, NULL, '2024-08-15 00:26:35', '2024-08-15 00:26:35');

/*!40103 SET TIME_ZONE=IFNULL(@OLD_TIME_ZONE, 'system') */;
/*!40101 SET SQL_MODE=IFNULL(@OLD_SQL_MODE, '') */;
/*!40014 SET FOREIGN_KEY_CHECKS=IFNULL(@OLD_FOREIGN_KEY_CHECKS, 1) */;
/*!40101 SET CHARACTER_SET_CLIENT=@OLD_CHARACTER_SET_CLIENT */;
/*!40111 SET SQL_NOTES=IFNULL(@OLD_SQL_NOTES, 1) */;
